PersonId,Internal_network_size,Collaboration_hours,weekend_collaboration_hours,After_hours_call_hours,performance
8c14b6ac-f043-39a6-9365-2898072a5951,79,130.04306,31.1626945,0.0,5.0
8c14b6ac-f043-39a6-9365-2898072a5951,79,129.31995,31.0,0.0,5.0
8c14b6ac-f043-39a6-9365-2898072a5951,79,128.94211,31.065472,0.0,5.0
8c14b6ac-f043-39a6-9365-2898072a5951,79,128.54636,31.0325,0.0,5.0
8c14b6ac-f043-39a6-9365-2898072a5951,79,127.14406,31.0975,0.0,5.0
8c14b6ac-f043-39a6-9365-2898072a5951,74,126.937454,31.069,0.0,5.0
20f19e6b-2a37-3ee7-9c06-4c95a6878ac6,25,144.195,24.195,0.0,5.0
20f19e6b-2a37-3ee7-9c06-4c95a6878ac6,25,144.13,24.13,0.0,5.0
20f19e6b-2a37-3ee7-9c06-4c95a6878ac6,45,125.02964,17.0,0.0,5.0
20f19e6b-2a37-3ee7-9c06-4c95a6878ac6,45,122.88744,17.28947222,0.0,4.0
20f19e6b-2a37-3ee7-9c06-4c95a6878ac6,45,122.72542,17.12744445,0.0,4.0
93fddd74-3667-392b-ba5a-92d855772cb0,97,87.40242,9.065001,0.0,4.0
93fddd74-3667-392b-ba5a-92d855772cb0,97,87.51034,9.347501000000001,0.0,4.0
8c14b6ac-f043-39a6-9365-2898072a5951,74,106.76593,31.1359167,0.0,4.0
74dc3841-b658-36b6-92a2-3cd94b18ba19,82,92.30834,7.17833333,0.0,4.0
74dc3841-b658-36b6-92a2-3cd94b18ba19,82,92.162506,7.130000000000001,0.0,4.0
8c14b6ac-f043-39a6-9365-2898072a5951,74,105.75,31.0,0.0,4.0
8c14b6ac-f043-39a6-9365-2898072a5951,75,104.13752,31.316,0.0,4.0
74dc3841-b658-36b6-92a2-3cd94b18ba19,82,90.04346,7.4054443,0.0,4.0
74dc3841-b658-36b6-92a2-3cd94b18ba19,78,92.075005,7.2924999999999995,0.0,4.0
74dc3841-b658-36b6-92a2-3cd94b18ba19,82,89.44501,7.13,0.0,4.0
74dc3841-b658-36b6-92a2-3cd94b18ba19,78,91.69501,7.195,0.0,4.0
8c14b6ac-f043-39a6-9365-2898072a5951,74,103.616425,31.0325,0.0,4.0
74dc3841-b658-36b6-92a2-3cd94b18ba19,82,89.05623,7.41127766,0.0,4.0
e2b6b707-fed3-34de-8005-c841a0bdfc99,75,90.44395,2.1088888,0.0,4.0
e2b6b707-fed3-34de-8005-c841a0bdfc99,75,92.40425,7.13,1.5588889,4.0
e2b6b707-fed3-34de-8005-c841a0bdfc99,75,87.7014,0.22897221499999998,0.0,4.0
74dc3841-b658-36b6-92a2-3cd94b18ba19,78,88.63348,7.212361110000001,0.0,4.0
20f19e6b-2a37-3ee7-9c06-4c95a6878ac6,25,120.3596,7.35958332,0.0,4.0
74dc3841-b658-36b6-92a2-3cd94b18ba19,78,87.6261,7.201250068,0.0,4.0
74dc3841-b658-36b6-92a2-3cd94b18ba19,82,85.170364,7.32222203,0.0,4.0
20f19e6b-2a37-3ee7-9c06-4c95a6878ac6,45,99.42311,0.32527777,0.0,4.0
e2b6b707-fed3-34de-8005-c841a0bdfc99,64,90.07419,7.3194444999999995,0.0,4.0
e2b6b707-fed3-34de-8005-c841a0bdfc99,64,89.32692,7.2275,0.46555555,4.0
20f19e6b-2a37-3ee7-9c06-4c95a6878ac6,45,96.7375,0.2925,0.0,4.0
93fddd74-3667-392b-ba5a-92d855772cb0,64,88.60876,9.162501,0.0,4.0
93fddd74-3667-392b-ba5a-92d855772cb0,97,68.59478,9.106277886,0.0,4.0
20f19e6b-2a37-3ee7-9c06-4c95a6878ac6,9,120.38223,7.38222224,0.0,4.0
93fddd74-3667-392b-ba5a-92d855772cb0,97,68.2612,9.131000664,0.0,4.0
93fddd74-3667-392b-ba5a-92d855772cb0,64,88.047386,9.389555999999999,0.0,4.0
93fddd74-3667-392b-ba5a-92d855772cb0,64,87.765884,9.376860777,0.0,4.0
e2b6b707-fed3-34de-8005-c841a0bdfc99,75,74.082954,2.141861554,0.0,4.0
20f19e6b-2a37-3ee7-9c06-4c95a6878ac6,25,96.9489,0.29288888,0.0,4.0
e2b6b707-fed3-34de-8005-c841a0bdfc99,64,68.94715,0.301333348,1.5263889,4.0
e2b6b707-fed3-34de-8005-c841a0bdfc99,53,76.18036,7.7624445,0.0,3.0
e2b6b707-fed3-34de-8005-c841a0bdfc99,64,68.29733,5.60677777,0.0,3.0
f2c85998-0a91-3699-95d4-7b94de27567f,98,45.65703,0.0975,0.0,3.0
93fddd74-3667-392b-ba5a-92d855772cb0,64,69.54105,9.06602822,0.0,3.0
93fddd74-3667-392b-ba5a-92d855772cb0,59,70.90263,9.404166666,0.0,3.0
93fddd74-3667-392b-ba5a-92d855772cb0,64,66.118034,9.130529,0.0,3.0
f2c85998-0a91-3699-95d4-7b94de27567f,98,36.961853,0.31916666,0.0,3.0
f2c85998-0a91-3699-95d4-7b94de27567f,98,36.808426,0.25999999,0.0,3.0
f2c85998-0a91-3699-95d4-7b94de27567f,96,38.01361,0.50819445,0.0,3.0
f2c85998-0a91-3699-95d4-7b94de27567f,98,36.400726,0.195,0.0,3.0
f2c85998-0a91-3699-95d4-7b94de27567f,98,36.03262,0.3102222,0.0,3.0
374df005-b43d-3c1d-8aec-4a86e01dbe5d,65,58.14381,7.26,0.0,3.0
374df005-b43d-3c1d-8aec-4a86e01dbe5d,65,55.37751,7.487500000000001,0.0,3.0
f2c85998-0a91-3699-95d4-7b94de27567f,86,39.611446,0.36338887,0.0,3.0
374df005-b43d-3c1d-8aec-4a86e01dbe5d,65,54.355984,7.5896666800000006,0.0,3.0
374df005-b43d-3c1d-8aec-4a86e01dbe5d,65,52.797092,7.2924999999999995,0.0,3.0
e637b4b3-0a5a-3c0c-a1c0-79a478fff91d,85,36.807034,0.35750000000000004,0.0,3.0
e637b4b3-0a5a-3c0c-a1c0-79a478fff91d,85,36.490955,0.35749999,0.0,3.0
374df005-b43d-3c1d-8aec-4a86e01dbe5d,65,51.021297,7.2275,0.0,3.0
d4ea3bb7-3cd5-3d96-805f-3c30ffc81388,92,31.090473,0.44552777,0.0,3.0
f2c85998-0a91-3699-95d4-7b94de27567f,86,33.952477,0.36475,0.0,3.0
f2c85998-0a91-3699-95d4-7b94de27567f,86,33.664425,0.22749999,0.0,3.0
e637b4b3-0a5a-3c0c-a1c0-79a478fff91d,85,33.631508,0.42358331000000005,0.0,3.0
f2c85998-0a91-3699-95d4-7b94de27567f,86,31.059774,0.0975,0.0,3.0
e637b4b3-0a5a-3c0c-a1c0-79a478fff91d,85,31.484774,0.39377776,0.0,3.0
e2b6b707-fed3-34de-8005-c841a0bdfc99,64,44.986,5.5568886,0.0,3.0
e637b4b3-0a5a-3c0c-a1c0-79a478fff91d,85,28.746464,0.48822222000000004,0.0,3.0
374df005-b43d-3c1d-8aec-4a86e01dbe5d,41,57.70498,7.50669461,0.0,3.0
d4ea3bb7-3cd5-3d96-805f-3c30ffc81388,74,33.975838,0.2275,0.0,3.0
374df005-b43d-3c1d-8aec-4a86e01dbe5d,41,56.46707,7.55636112,0.0,3.0
d4ea3bb7-3cd5-3d96-805f-3c30ffc81388,74,32.73756,0.263111102,0.0,3.0
374df005-b43d-3c1d-8aec-4a86e01dbe5d,41,53.153004,7.324999999999999,0.0,3.0
54fbfa95-f5a9-3112-96ee-89083d3cee59,55,43.64184,7.199083333,0.0,3.0
d4ea3bb7-3cd5-3d96-805f-3c30ffc81388,74,28.9026,0.40327776,0.0,3.0
d4ea3bb7-3cd5-3d96-805f-3c30ffc81388,74,28.285162,0.1625,0.0,3.0
374df005-b43d-3c1d-8aec-4a86e01dbe5d,41,50.606815,7.42249999,0.0,3.0
d4ea3bb7-3cd5-3d96-805f-3c30ffc81388,69,30.748526,0.09816666,0.0,3.0
24fc4228-0d09-36a0-a4ca-159fa04fb355,88,19.243938,0.455,0.0,3.0
d4ea3bb7-3cd5-3d96-805f-3c30ffc81388,69,30.217691,0.098111105,0.0,3.0
d4ea3bb7-3cd5-3d96-805f-3c30ffc81388,69,29.96683,0.13,0.0,3.0
d4ea3bb7-3cd5-3d96-805f-3c30ffc81388,74,26.702967,0.065,0.0,3.0
24fc4228-0d09-36a0-a4ca-159fa04fb355,88,17.774136,0.63055552,0.0,3.0
fb03bee5-66ec-3514-ad3a-26cbe5187b75,55,39.31047,7.134889,0.0,3.0
54fbfa95-f5a9-3112-96ee-89083d3cee59,55,39.159615,7.33738888,0.0,3.0
d4ea3bb7-3cd5-3d96-805f-3c30ffc81388,69,27.211472,0.25999999,0.0,3.0
a6afe34c-8524-32d3-a368-1517b29b68cd,49,38.83865,0.42499998,0.0,3.0
729b21c8-4fad-35cb-8d17-4cad1e2932e2,76,22.099691,0.39,0.0,3.0
24fc4228-0d09-36a0-a4ca-159fa04fb355,88,14.8930025,0.42249999000000005,0.0,3.0
24fc4228-0d09-36a0-a4ca-159fa04fb355,88,14.921591,0.58536108,0.0,3.0
fb03bee5-66ec-3514-ad3a-26cbe5187b75,55,37.24033,7.0975,0.0,3.0
94e1b2d4-8649-3eaf-bebe-51290e753ebb,57,32.605206,0.48955552999999996,0.0,3.0
24fc4228-0d09-36a0-a4ca-159fa04fb355,88,13.915503,0.394972174,0.0,3.0
a6afe34c-8524-32d3-a368-1517b29b68cd,49,37.309593,0.3917222,0.0,3.0
a6afe34c-8524-32d3-a368-1517b29b68cd,49,36.813457,0.55305554,0.0,3.0
a6afe34c-8524-32d3-a368-1517b29b68cd,46,38.214195,0.22847222,0.0,2.0
729b21c8-4fad-35cb-8d17-4cad1e2932e2,76,19.967216,0.54816664,0.0,2.0
a6afe34c-8524-32d3-a368-1517b29b68cd,46,36.835556,0.13111110999999998,0.0,2.0
729b21c8-4fad-35cb-8d17-4cad1e2932e2,76,18.415218,0.35974998,0.0,2.0
a6afe34c-8524-32d3-a368-1517b29b68cd,49,34.543983,0.42313888,0.0,2.0
54fbfa95-f5a9-3112-96ee-89083d3cee59,55,33.523746,7.16427778,0.0,2.0
fb03bee5-66ec-3514-ad3a-26cbe5187b75,55,33.48142,7.293638885,0.0,2.0
fb03bee5-66ec-3514-ad3a-26cbe5187b75,55,33.35669,7.130000000000001,0.0,2.0
a6afe34c-8524-32d3-a368-1517b29b68cd,46,35.907734,0.147722214,0.0,2.0
5083dab6-e527-3a3f-b6b0-3cbcda00ee79,43,37.242393,0.26,0.0,2.0
54fbfa95-f5a9-3112-96ee-89083d3cee59,55,32.38878,7.42305556,0.0,2.0
729b21c8-4fad-35cb-8d17-4cad1e2932e2,76,16.903719,0.47149999,0.0,2.0
54fbfa95-f5a9-3112-96ee-89083d3cee59,55,31.572714,7.1634443,0.0,2.0
94e1b2d4-8649-3eaf-bebe-51290e753ebb,47,33.15398,0.325,0.0,2.0
fb03bee5-66ec-3514-ad3a-26cbe5187b75,44,37.621952,7.3581387,0.0,2.0
374df005-b43d-3c1d-8aec-4a86e01dbe5d,14,55.280746,7.261555553,0.0,2.0
a6afe34c-8524-32d3-a368-1517b29b68cd,46,33.392303,0.5559444250000001,0.0,2.0
fb03bee5-66ec-3514-ad3a-26cbe5187b75,44,36.76354,7.2275,0.0,2.0
5083dab6-e527-3a3f-b6b0-3cbcda00ee79,43,34.33501,0.35749999,0.0,2.0
a6afe34c-8524-32d3-a368-1517b29b68cd,46,31.951048,0.42327778000000005,0.0,2.0
54fbfa95-f5a9-3112-96ee-89083d3cee59,37,39.46686,7.2924999999999995,0.0,2.0
5083dab6-e527-3a3f-b6b0-3cbcda00ee79,43,32.6502,0.0975,0.0,2.0
dc692cd4-68a1-324b-8b09-30bf56115002,64,19.180077,0.60505555,0.0,2.0
fb03bee5-66ec-3514-ad3a-26cbe5187b75,44,33.546555,7.265111,0.0,2.0
5083dab6-e527-3a3f-b6b0-3cbcda00ee79,43,31.21477,0.455,0.0,2.0
60c0b7d5-029d-3a80-94d4-c833c8fb0efc,32,37.514175,0.4225,0.0,2.0
fb03bee5-66ec-3514-ad3a-26cbe5187b75,44,33.007446,7.260000000000001,0.0,2.0
dc692cd4-68a1-324b-8b09-30bf56115002,64,17.771334,0.26,0.0,2.0
f3cfc3be-3c32-382e-afb2-dfddc178cb37,30,38.15023,0.2925,0.0,2.0
54fbfa95-f5a9-3112-96ee-89083d3cee59,37,36.709,7.26536066,0.0,2.0
f3cfc3be-3c32-382e-afb2-dfddc178cb37,30,37.927647,0.39077775,0.0,2.0
54fbfa95-f5a9-3112-96ee-89083d3cee59,37,36.25244,7.13,0.0,2.0
60c0b7d5-029d-3a80-94d4-c833c8fb0efc,32,36.3787,0.13,0.0,2.0
60c0b7d5-029d-3a80-94d4-c833c8fb0efc,32,36.339172,0.26,0.0,2.0
fb03bee5-66ec-3514-ad3a-26cbe5187b75,44,31.738579,7.264,0.0,2.0
dc692cd4-68a1-324b-8b09-30bf56115002,64,16.929296,0.49249995,0.0,2.0
5083dab6-e527-3a3f-b6b0-3cbcda00ee79,43,29.416353,0.45713884,0.0,2.0
c038a252-b777-35c6-9b48-0e79ea8d7a5f,54,22.654469,0.5425,0.0,2.0
9a7c8c11-8ec4-3a6c-87e7-c83e500c7b09,64,16.38722,0.30441666,0.0,2.0
dc692cd4-68a1-324b-8b09-30bf56115002,64,16.058891,0.2275,0.0,2.0
f3cfc3be-3c32-382e-afb2-dfddc178cb37,30,36.422504,0.1625,0.0,2.0
f3cfc3be-3c32-382e-afb2-dfddc178cb37,30,36.422535,0.42272222000000004,0.0,2.0
9a7c8c11-8ec4-3a6c-87e7-c83e500c7b09,64,15.869614,0.26,0.0,2.0
8a1283bc-0502-302d-9073-3b0a381f0216,63,15.979697,0.4225,0.0,2.0
f3cfc3be-3c32-382e-afb2-dfddc178cb37,30,35.65,0.29249999000000004,0.0,2.0
f3cfc3be-3c32-382e-afb2-dfddc178cb37,30,35.56611,0.0975,0.0,2.0
f3cfc3be-3c32-382e-afb2-dfddc178cb37,30,35.652176,0.35749999,0.0,2.0
60c0b7d5-029d-3a80-94d4-c833c8fb0efc,32,34.005363,0.2925,0.0,2.0
97b427ef-6bcf-34e5-83de-bdc8975736db,54,20.741247,0.13661111,0.0,2.0
9a7c8c11-8ec4-3a6c-87e7-c83e500c7b09,64,14.745558,0.39,0.0,2.0
60c0b7d5-029d-3a80-94d4-c833c8fb0efc,26,37.447365,0.195,0.0,2.0
729b21c8-4fad-35cb-8d17-4cad1e2932e2,56,19.090525,0.52041665,0.0,2.0
8a1283bc-0502-302d-9073-3b0a381f0216,32,33.0665,0.0975,0.0,2.0
97b427ef-6bcf-34e5-83de-bdc8975736db,54,19.97252,0.39602777,0.0,2.0
8a1283bc-0502-302d-9073-3b0a381f0216,32,32.901733,0.195,0.0,2.0
8a1283bc-0502-302d-9073-3b0a381f0216,32,32.917862,0.33233334999999997,0.0,2.0
be975a52-6e13-3c55-ac97-0d12eeed2e0d,50,21.988638,0.26,0.0,2.0
dc692cd4-68a1-324b-8b09-30bf56115002,64,13.630421,0.4225,0.0,2.0
8a1283bc-0502-302d-9073-3b0a381f0216,63,13.878339,0.52077777,0.0,2.0
637188a4-4580-38af-b73b-d6334da9b9d2,57,17.387491,0.45499999999999996,0.0,2.0
54fbfa95-f5a9-3112-96ee-89083d3cee59,37,31.712374,7.260000000000001,0.0,2.0
f3cfc3be-3c32-382e-afb2-dfddc178cb37,30,32.744648,0.2275,0.0,2.0
f3cfc3be-3c32-382e-afb2-dfddc178cb37,30,32.576332,0.195,0.0,2.0
9a7c8c11-8ec4-3a6c-87e7-c83e500c7b09,64,12.110258,0.52766668,0.0,2.0
8a1283bc-0502-302d-9073-3b0a381f0216,63,12.538891,0.35749999,0.0,2.0
97b427ef-6bcf-34e5-83de-bdc8975736db,52,19.112825,0.35749999,0.0,2.0
9a7c8c11-8ec4-3a6c-87e7-c83e500c7b09,64,11.846865,0.45499999999999996,0.0,2.0
b5099be9-6f36-3ae9-9588-b4279bea2faf,51,19.531658,0.41047221,0.0,2.0
97b427ef-6bcf-34e5-83de-bdc8975736db,54,17.558828,0.42249999000000005,0.0,2.0
97b427ef-6bcf-34e5-83de-bdc8975736db,52,18.66705,0.36258330000000005,0.0,2.0
b5099be9-6f36-3ae9-9588-b4279bea2faf,51,19.12855,0.0975,0.0,2.0
729b21c8-4fad-35cb-8d17-4cad1e2932e2,56,16.24758,0.455,0.0,2.0
60c0b7d5-029d-3a80-94d4-c833c8fb0efc,26,34.04001,0.39,0.0,2.0
8a1283bc-0502-302d-9073-3b0a381f0216,63,11.746252,0.49641658,0.0,2.0
c038a252-b777-35c6-9b48-0e79ea8d7a5f,54,16.83747,0.5103333,0.0,2.0
b5099be9-6f36-3ae9-9588-b4279bea2faf,51,18.616432,0.48749999,0.0,2.0
be975a52-6e13-3c55-ac97-0d12eeed2e0d,50,18.835966,0.2925,0.0,2.0
b7749659-9cd5-37b8-8056-75ec4155cad3,39,25.075916,0.1625,0.0,2.0
e637b4b3-0a5a-3c0c-a1c0-79a478fff91d,25,33.167786,0.32513887,0.0,2.0
f0e0d347-8d78-3633-ba47-8970f6d44b69,32,28.835136,0.2275,0.0,2.0
729b21c8-4fad-35cb-8d17-4cad1e2932e2,56,14.220585,0.29388889,0.0,2.0
c038a252-b777-35c6-9b48-0e79ea8d7a5f,54,15.370086,0.39058333,0.0,2.0
8a1283bc-0502-302d-9073-3b0a381f0216,63,9.567363,0.13,0.0,2.0
5083dab6-e527-3a3f-b6b0-3cbcda00ee79,21,34.718895,0.35750000000000004,0.0,2.0
dc692cd4-68a1-324b-8b09-30bf56115002,51,16.757355,0.56977777,0.0,2.0
f0ef8280-fd52-331c-ac29-5d59d1d3b104,43,21.510082,0.45988889,0.0,2.0
60c0b7d5-029d-3a80-94d4-c833c8fb0efc,32,27.957048,0.52,0.0,2.0
97b427ef-6bcf-34e5-83de-bdc8975736db,52,15.90506,0.39463887,0.0,2.0
e637b4b3-0a5a-3c0c-a1c0-79a478fff91d,25,31.866411,0.0975,0.0,2.0
f0ef8280-fd52-331c-ac29-5d59d1d3b104,51,16.422775,0.48877775999999995,0.0,2.0
b5099be9-6f36-3ae9-9588-b4279bea2faf,51,15.997504,0.32499999,0.0,2.0
b75f31d3-28e7-3990-86f2-222833f03263,46,18.955667,0.26,0.0,2.0
e637b4b3-0a5a-3c0c-a1c0-79a478fff91d,25,31.585073,0.35750000000000004,0.0,2.0
637188a4-4580-38af-b73b-d6334da9b9d2,57,12.205473,0.13,0.0,2.0
be975a52-6e13-3c55-ac97-0d12eeed2e0d,50,16.49577,0.3575,0.0,2.0
94e1b2d4-8649-3eaf-bebe-51290e753ebb,57,12.153948,0.36080554,0.0,2.0
729b21c8-4fad-35cb-8d17-4cad1e2932e2,56,12.633894,0.52030555,0.0,2.0
729b21c8-4fad-35cb-8d17-4cad1e2932e2,56,12.491391,0.46105556000000003,0.0,2.0
5083dab6-e527-3a3f-b6b0-3cbcda00ee79,21,33.29281,0.065,0.0,2.0
b5099be9-6f36-3ae9-9588-b4279bea2faf,51,15.185284,0.39566666,0.0,2.0
24fc4228-0d09-36a0-a4ca-159fa04fb355,43,20.019691,0.54599999,0.0,2.0
97b427ef-6bcf-34e5-83de-bdc8975736db,54,13.240697,0.39780554,0.0,2.0
60c0b7d5-029d-3a80-94d4-c833c8fb0efc,26,29.965134,0.32513889,0.0,2.0
dc692cd4-68a1-324b-8b09-30bf56115002,51,15.006004,0.45155553000000004,0.0,2.0
5538a778-326b-3efe-92f1-830341624b7a,47,17.297081,0.195,0.0,2.0
e637b4b3-0a5a-3c0c-a1c0-79a478fff91d,25,30.407106,0.35763889000000004,0.0,2.0
be975a52-6e13-3c55-ac97-0d12eeed2e0d,50,15.303504,0.2275,0.0,2.0
637188a4-4580-38af-b73b-d6334da9b9d2,57,11.119977,0.36272222,0.0,2.0
637188a4-4580-38af-b73b-d6334da9b9d2,57,11.124308,0.42269444,0.0,2.0
60c0b7d5-029d-3a80-94d4-c833c8fb0efc,26,29.552498,0.1625,0.0,2.0
dc692cd4-68a1-324b-8b09-30bf56115002,51,14.4564495,0.39030555,0.0,2.0
ad348d2e-84ef-3309-973f-5ddb2257d41f,46,17.554157,0.6499999999999999,0.0,2.0
97b427ef-6bcf-34e5-83de-bdc8975736db,52,13.6205015,0.2275,0.0,2.0
b7749659-9cd5-37b8-8056-75ec4155cad3,41,20.160276,0.35750000000000004,0.0,2.0
637188a4-4580-38af-b73b-d6334da9b9d2,57,10.458168,0.48802775,0.0,2.0
94e1b2d4-8649-3eaf-bebe-51290e753ebb,57,10.421723,0.42272222,0.0,2.0
d6368140-9312-380b-bbc9-9a32bcef4b83,38,21.546024,0.35813889,0.0,2.0
f0ef8280-fd52-331c-ac29-5d59d1d3b104,51,13.811532,0.5532222099999999,0.0,2.0
3c82343e-8c78-31de-b1ea-78897c6b4542,41,19.581718,0.22852777000000002,0.0,2.0
fa0ba6b4-9635-36f5-90da-19916a4a68df,39,20.70378,0.195,0.0,2.0
57a02b5f-fe74-39fd-8853-c06ac74ed3af,41,19.500772,0.195,0.0,2.0
fb03bee5-66ec-3514-ad3a-26cbe5187b75,19,35.490887,7.203166777,0.0,2.0
97b427ef-6bcf-34e5-83de-bdc8975736db,52,12.838666,0.26724999,0.0,2.0
043a8db3-740a-3632-8879-a8861a6eee99,50,14.047725,0.39077777,0.0,2.0
f3cfc3be-3c32-382e-afb2-dfddc178cb37,13,36.07511,0.13011111,0.0,2.0
f0e0d347-8d78-3633-ba47-8970f6d44b69,24,29.450193,0.195,0.0,2.0
94e1b2d4-8649-3eaf-bebe-51290e753ebb,57,9.636113,0.39,0.0,2.0
f0ef8280-fd52-331c-ac29-5d59d1d3b104,51,13.097587,0.51144443,0.0,2.0
be975a52-6e13-3c55-ac97-0d12eeed2e0d,50,13.519838,0.42930553000000005,0.0,2.0
b75f31d3-28e7-3990-86f2-222833f03263,46,15.826644,0.42249999000000005,0.0,2.0
137ded64-5daf-38ab-9dc3-eefc83bc6b62,44,16.943752,0.2275,0.0,2.0
a06fd27a-653a-3b77-a45a-8181550b04d6,42,18.360937,0.9709445999999999,0.0,2.0
94e1b2d4-8649-3eaf-bebe-51290e753ebb,47,15.13359,0.58566664,0.0,2.0
c038a252-b777-35c6-9b48-0e79ea8d7a5f,54,10.554642,0.13,0.0,2.0
f0ef8280-fd52-331c-ac29-5d59d1d3b104,51,12.459253,0.49822221,0.0,2.0
c038a252-b777-35c6-9b48-0e79ea8d7a5f,54,10.485001,0.52,0.0,2.0
60c0b7d5-029d-3a80-94d4-c833c8fb0efc,17,32.4875,0.25999999,0.0,2.0
5538a778-326b-3efe-92f1-830341624b7a,47,14.579561,0.54458332,0.0,2.0
e1d1e301-97c2-3ddb-9354-e3428842701e,44,16.216722,0.26063888,0.0,2.0
a06fd27a-653a-3b77-a45a-8181550b04d6,42,17.325611,0.22786111,0.0,2.0
f0ef8280-fd52-331c-ac29-5d59d1d3b104,51,12.060836,0.7475,0.0,2.0
a6afe34c-8524-32d3-a368-1517b29b68cd,8,37.51075,0.09822222,0.0,2.0
5538a778-326b-3efe-92f1-830341624b7a,47,14.007723,0.32499999,0.0,2.0
ad348d2e-84ef-3309-973f-5ddb2257d41f,46,14.636393,0.55583331,0.0,2.0
24fc4228-0d09-36a0-a4ca-159fa04fb355,43,16.372494,0.4299722,0.0,2.0
f0ef8280-fd52-331c-ac29-5d59d1d3b104,43,15.957501,0.1625,0.0,2.0
89d8fa15-fc9c-3763-a09a-55dc2143d9e8,37,19.498667,0.32616665,0.0,2.0
e1d1e301-97c2-3ddb-9354-e3428842701e,44,15.351503,0.98002791,0.0,2.0
5a5bf1b0-fc87-3291-9c81-5af5b72ea05c,45,14.413111,0.29249999000000004,0.0,2.0
5083dab6-e527-3a3f-b6b0-3cbcda00ee79,21,28.66358,0.0975,0.0,2.0
5538a778-326b-3efe-92f1-830341624b7a,47,13.202947,0.45955552,0.0,2.0
46fba6aa-36a4-303f-8be0-d39c7d9b932c,48,12.387503,0.39,0.0,2.0
24fc4228-0d09-36a0-a4ca-159fa04fb355,43,15.356083,0.42597232,0.0,2.0
637188a4-4580-38af-b73b-d6334da9b9d2,34,20.700129,0.45538886,0.0,2.0
5538a778-326b-3efe-92f1-830341624b7a,47,12.848033,0.41549999000000004,0.0,2.0
94e1b2d4-8649-3eaf-bebe-51290e753ebb,47,12.842501,0.6825,0.0,2.0
3c82343e-8c78-31de-b1ea-78897c6b4542,38,18.0718,0.26,0.0,2.0
d6368140-9312-380b-bbc9-9a32bcef4b83,38,18.025557,0.2275,0.0,2.0
46fba6aa-36a4-303f-8be0-d39c7d9b932c,48,12.021642,0.26,0.0,2.0
5083dab6-e527-3a3f-b6b0-3cbcda00ee79,21,28.18469,0.22766667000000002,0.0,2.0
24fc4228-0d09-36a0-a4ca-159fa04fb355,43,15.007001,0.48813887,0.0,2.0
57a02b5f-fe74-39fd-8853-c06ac74ed3af,39,17.428938,0.6505278,0.0,2.0
b7749659-9cd5-37b8-8056-75ec4155cad3,39,17.210028,0.13030555500000002,0.0,2.0
bda10bd1-8814-363d-b24a-2fefb24d674b,37,18.493275,0.58758329,0.0,2.0
bda10bd1-8814-363d-b24a-2fefb24d674b,39,17.086777,0.63952774,0.0,2.0
b75f31d3-28e7-3990-86f2-222833f03263,46,12.686696,0.14325,0.0,2.0
043a8db3-740a-3632-8879-a8861a6eee99,50,10.369058,0.35750000000000004,0.0,2.0
b7749659-9cd5-37b8-8056-75ec4155cad3,39,16.857973,0.0975,0.0,2.0
94e1b2d4-8649-3eaf-bebe-51290e753ebb,57,6.1083302,0.2925,0.0,2.0
747ca041-396e-339c-949b-54f1687d5935,44,13.84214,0.1625,0.0,2.0
0049ef24-ec83-356d-89f7-46b67364e677,43,14.502643,0.35794443,0.0,2.0
bda10bd1-8814-363d-b24a-2fefb24d674b,39,16.854227,0.29249999000000004,0.0,2.0
d3c11ebd-0fd9-31db-96a9-3a03af3b62a4,36,18.681042,0.6174999999999999,0.0,2.0
62920576-2e0c-3c6e-8ce7-8b33b6632dff,40,16.226273,0.48786110000000005,0.0,2.0
d6368140-9312-380b-bbc9-9a32bcef4b83,43,14.296444,0.26038889,0.0,2.0
fa0ba6b4-9635-36f5-90da-19916a4a68df,39,16.685188,0.39424999000000005,0.0,2.0
0049ef24-ec83-356d-89f7-46b67364e677,40,16.000725,0.42494443000000004,0.0,2.0
043a8db3-740a-3632-8879-a8861a6eee99,50,9.980113,0.42249999000000005,0.0,2.0
5538a778-326b-3efe-92f1-830341624b7a,32,20.756191,0.6211944300000001,0.0,2.0
d6368140-9312-380b-bbc9-9a32bcef4b83,43,14.094118,0.58477777,0.0,2.0
b5099be9-6f36-3ae9-9588-b4279bea2faf,39,16.321056,0.51433332,0.0,2.0
17ac6cbf-1b86-3c01-a7c1-34a98303a692,44,13.194034,0.325,0.0,2.0
137ded64-5daf-38ab-9dc3-eefc83bc6b62,44,13.072892,0.19544445,0.0,2.0
747ca041-396e-339c-949b-54f1687d5935,44,13.032973,0.42249999000000005,0.0,2.0
f0ef8280-fd52-331c-ac29-5d59d1d3b104,43,13.621308,0.55424998,0.0,2.0
62920576-2e0c-3c6e-8ce7-8b33b6632dff,37,16.71086,0.2275,0.0,2.0
8a1283bc-0502-302d-9073-3b0a381f0216,11,32.229446,0.131944444,0.0,2.0
a06fd27a-653a-3b77-a45a-8181550b04d6,42,13.595611,0.13063888,0.0,2.0
d6368140-9312-380b-bbc9-9a32bcef4b83,38,16.09864,0.52,0.0,2.0
3c82343e-8c78-31de-b1ea-78897c6b4542,41,14.149001,0.1625,0.0,2.0
c6e371cf-467b-30d7-bfe1-34c953b04e62,37,16.652525,0.43722222,0.0,2.0
b7749659-9cd5-37b8-8056-75ec4155cad3,39,15.3552265,0.195,0.0,2.0
d6368140-9312-380b-bbc9-9a32bcef4b83,43,13.050005,0.51999999,0.0,2.0
3c82343e-8c78-31de-b1ea-78897c6b4542,41,13.959586,0.1625,0.0,2.0
46fba6aa-36a4-303f-8be0-d39c7d9b932c,48,9.740944,0.13,0.0,2.0
dc692cd4-68a1-324b-8b09-30bf56115002,51,8.044885,0.455,0.0,2.0
0049ef24-ec83-356d-89f7-46b67364e677,40,14.500919,0.71583325,0.0,2.0
b7749659-9cd5-37b8-8056-75ec4155cad3,41,13.678976,0.39013889,0.0,2.0
0049ef24-ec83-356d-89f7-46b67364e677,40,14.232447,0.2925,0.0,2.0
b5099be9-6f36-3ae9-9588-b4279bea2faf,39,14.883866,0.5468611,0.0,2.0
89d8fa15-fc9c-3763-a09a-55dc2143d9e8,37,15.927835,0.1625,0.0,2.0
0049ef24-ec83-356d-89f7-46b67364e677,43,12.420171,0.4225,0.0,2.0
fa0ba6b4-9635-36f5-90da-19916a4a68df,39,14.752584,0.325,0.0,2.0
17ac6cbf-1b86-3c01-a7c1-34a98303a692,44,11.718749,0.32572222,0.0,2.0
57a02b5f-fe74-39fd-8853-c06ac74ed3af,41,13.368394,0.39049999,0.0,2.0
5083dab6-e527-3a3f-b6b0-3cbcda00ee79,12,30.523972,0.09772222,0.0,2.0
3c924e67-4bc2-360c-a243-610ffa1b96ab,34,17.355747,0.2275,0.0,2.0
3c82343e-8c78-31de-b1ea-78897c6b4542,38,14.9566145,0.3268611,0.0,2.0
d488bb65-2c9b-3f36-a58a-71da36408d73,38,14.894866,0.19533333,0.0,2.0
91c6b387-1b6c-3144-a42d-588a23b0aa58,37,15.465558,0.32533333,0.0,2.0
17ac6cbf-1b86-3c01-a7c1-34a98303a692,44,11.182751,0.1625,0.0,2.0
5a5bf1b0-fc87-3291-9c81-5af5b72ea05c,45,10.4885845,0.065305555,0.0,2.0
d6368140-9312-380b-bbc9-9a32bcef4b83,43,11.792363,0.325,0.0,2.0
62920576-2e0c-3c6e-8ce7-8b33b6632dff,40,13.432697,0.26,0.0,2.0
46fba6aa-36a4-303f-8be0-d39c7d9b932c,41,12.845198,0.38999999,0.0,2.0
5a5bf1b0-fc87-3291-9c81-5af5b72ea05c,45,10.436947,0.45533332000000004,0.0,2.0
af4c3ca7-8e4f-3cfa-9cc0-98c246982660,37,15.115111,0.29416666,0.0,2.0
5a5bf1b0-fc87-3291-9c81-5af5b72ea05c,31,18.659996,0.26,0.0,2.0
f8eee638-56ba-39c4-9a4b-9e1a13689716,38,14.557755,0.5463888800000001,0.0,2.0
16d389e9-52a1-3d6b-8f3c-17c442106e21,36,15.680085,0.4875,0.0,2.0
57a02b5f-fe74-39fd-8853-c06ac74ed3af,41,12.610419,0.35750000000000004,0.0,2.0
62920576-2e0c-3c6e-8ce7-8b33b6632dff,40,13.172502,0.325,0.0,2.0
57a02b5f-fe74-39fd-8853-c06ac74ed3af,41,12.518503,0.22786109999999998,0.0,2.0
ad348d2e-84ef-3309-973f-5ddb2257d41f,31,18.4425,0.39,0.0,2.0
4ac5e728-06c8-38ad-9ad1-eab9ca0ab1c2,36,15.399863,0.29263889,0.0,2.0
af4c3ca7-8e4f-3cfa-9cc0-98c246982660,37,14.729556,0.15730555,0.0,2.0
91c6b387-1b6c-3144-a42d-588a23b0aa58,37,14.747645,0.25999999,0.0,2.0
043a8db3-740a-3632-8879-a8861a6eee99,50,7.017499,0.455,0.0,2.0
0049ef24-ec83-356d-89f7-46b67364e677,43,11.113167,0.26,0.0,2.0
b7749659-9cd5-37b8-8056-75ec4155cad3,41,12.307753,0.24905554000000002,0.0,2.0
91c6b387-1b6c-3144-a42d-588a23b0aa58,37,14.723473,0.2925,0.0,2.0
9079d8f6-3da1-30cc-a2f5-c01dd7a4d8f1,40,12.802861,0.1625,0.0,2.0
747ca041-396e-339c-949b-54f1687d5935,44,10.369226,0.18313889,0.0,2.0
966541a6-ac93-3794-9285-f4cf5f8a44be,40,12.782114,0.26,0.0,2.0
b75f31d3-28e7-3990-86f2-222833f03263,46,9.117944,0.2275,0.0,2.0
d6368140-9312-380b-bbc9-9a32bcef4b83,43,10.908083,0.26,0.0,2.0
b75f31d3-28e7-3990-86f2-222833f03263,46,9.144779,0.42536110000000005,0.0,2.0
fa0ba6b4-9635-36f5-90da-19916a4a68df,39,13.477172,0.84077772,0.0,2.0
bda10bd1-8814-363d-b24a-2fefb24d674b,37,14.477251,0.39,0.0,2.0
9079d8f6-3da1-30cc-a2f5-c01dd7a4d8f1,40,12.619753,0.26,0.0,2.0
e1d1e301-97c2-3ddb-9354-e3428842701e,44,10.187388,0.2925,0.0,2.0
31e532c3-cefc-351a-afe2-31e79598a114,33,16.846552,0.48891655999999994,0.0,2.0
17ac6cbf-1b86-3c01-a7c1-34a98303a692,44,10.080222,0.13,0.0,2.0
ad348d2e-84ef-3309-973f-5ddb2257d41f,46,8.9185295,0.26,0.0,2.0
e01c0ff9-22d3-37a9-ae05-d37bf1757840,41,11.854391,0.2275,0.0,2.0
0049ef24-ec83-356d-89f7-46b67364e677,43,10.6292515,0.19747222,0.0,2.0
d3c11ebd-0fd9-31db-96a9-3a03af3b62a4,36,14.766278,0.13,0.0,2.0
3c82343e-8c78-31de-b1ea-78897c6b4542,41,11.798447,0.26013889,0.0,2.0
3c82343e-8c78-31de-b1ea-78897c6b4542,38,13.660781,0.45524997,0.0,2.0
f425a4cc-ed35-3aba-bbe9-6e099b19dd98,33,16.578966,0.32533332,0.0,2.0
d6368140-9312-380b-bbc9-9a32bcef4b83,38,13.573002,0.325,0.0,2.0
0049ef24-ec83-356d-89f7-46b67364e677,40,12.350947,0.2925,0.0,2.0
46fba6aa-36a4-303f-8be0-d39c7d9b932c,41,11.743334,0.40063888000000003,0.0,2.0
b7749659-9cd5-37b8-8056-75ec4155cad3,39,12.902362,0.32549996999999997,0.0,2.0
b7749659-9cd5-37b8-8056-75ec4155cad3,41,11.7176695,0.48749999,0.0,2.0
e01c0ff9-22d3-37a9-ae05-d37bf1757840,41,11.660003,0.35750000000000004,0.0,2.0
581923c5-755e-3791-9fa7-ad071fb2edfb,33,16.42425,0.325,0.0,2.0
94e1b2d4-8649-3eaf-bebe-51290e753ebb,47,8.038247,0.4225,0.0,2.0
d3c11ebd-0fd9-31db-96a9-3a03af3b62a4,36,14.552864,0.2275,0.0,2.0
89d8fa15-fc9c-3763-a09a-55dc2143d9e8,37,13.998087,0.39,0.0,2.0
e637b4b3-0a5a-3c0c-a1c0-79a478fff91d,8,31.281332,0.13,0.0,2.0
0049ef24-ec83-356d-89f7-46b67364e677,43,10.287668,0.22783333,0.0,2.0
4ac5e728-06c8-38ad-9ad1-eab9ca0ab1c2,36,14.654752,0.7375,0.0,2.0
b5099be9-6f36-3ae9-9588-b4279bea2faf,39,12.683143,0.32530556,0.0,2.0
ad894d47-f307-3732-8aa9-38e388fa5f2e,33,16.172806,0.19530556,0.0,2.0
637188a4-4580-38af-b73b-d6334da9b9d2,34,15.654865,0.48749999,0.0,2.0
53183116-2cb2-32ee-9042-d62eb7061407,36,14.326695,0.325,0.0,2.0
ad348d2e-84ef-3309-973f-5ddb2257d41f,46,8.437196,0.60219444,0.0,2.0
f0ef8280-fd52-331c-ac29-5d59d1d3b104,43,10.048111,0.13,0.0,2.0
4ac5e728-06c8-38ad-9ad1-eab9ca0ab1c2,30,17.9885,0.51286109,0.0,2.0
181d3bd7-a6a4-3281-83e0-80898a00b87c,29,18.483414,0.29569445,0.0,2.0
f8eee638-56ba-39c4-9a4b-9e1a13689716,38,13.127502,0.48749998,0.0,2.0
46fba6aa-36a4-303f-8be0-d39c7d9b932c,48,7.0878882,0.39041665000000003,0.0,2.0
e01c0ff9-22d3-37a9-ae05-d37bf1757840,41,11.083777,0.13,0.0,2.0
a06fd27a-653a-3b77-a45a-8181550b04d6,36,14.075,0.13,0.0,2.0
966541a6-ac93-3794-9285-f4cf5f8a44be,40,11.650002,0.1625,0.0,2.0
3c924e67-4bc2-360c-a243-610ffa1b96ab,34,15.243446,0.195,0.0,2.0
c6e371cf-467b-30d7-bfe1-34c953b04e62,37,13.478808,0.2925,0.0,2.0
e29f3213-0901-3f89-a6fc-7e4557e8f644,34,15.226951,0.2275,0.0,2.0
57a02b5f-fe74-39fd-8853-c06ac74ed3af,39,12.185112,0.1625,0.0,2.0
a06fd27a-653a-3b77-a45a-8181550b04d6,36,13.990114,0.22766666600000002,0.0,2.0
3c924e67-4bc2-360c-a243-610ffa1b96ab,34,15.182695,0.2275,0.0,2.0
bda10bd1-8814-363d-b24a-2fefb24d674b,39,12.256312,0.42288887,0.0,2.0
966541a6-ac93-3794-9285-f4cf5f8a44be,40,11.562641,0.29316665,0.0,2.0
966541a6-ac93-3794-9285-f4cf5f8a44be,40,11.441055,0.0975,0.0,2.0
46fba6aa-36a4-303f-8be0-d39c7d9b932c,48,6.7149982,0.32499999,0.0,2.0
a06fd27a-653a-3b77-a45a-8181550b04d6,36,13.848668,0.22783333,0.0,2.0
c515a260-b022-3896-bbdb-ec42c7647bc8,40,11.432501,0.195,0.0,2.0
54c9951c-a985-3fae-8272-0ee59773fd9f,32,16.280165,0.32516666,0.0,2.0
3c82343e-8c78-31de-b1ea-78897c6b4542,38,12.644114,0.25999999,0.0,2.0
3c82343e-8c78-31de-b1ea-78897c6b4542,38,12.566363,0.0975,0.0,2.0
747ca041-396e-339c-949b-54f1687d5935,44,9.044613,0.35808332,0.0,2.0
bda10bd1-8814-363d-b24a-2fefb24d674b,39,11.9225025,0.1625,0.0,2.0
6b849a38-5c38-3849-8695-2eed48adaaab,31,16.70938,0.325,0.0,2.0
f8eee638-56ba-39c4-9a4b-9e1a13689716,38,12.441252,0.29883333,0.0,2.0
17ac6cbf-1b86-3c01-a7c1-34a98303a692,44,8.845751,0.39,0.0,2.0
57a02b5f-fe74-39fd-8853-c06ac74ed3af,39,11.805892,0.35833334,0.0,2.0
043a8db3-740a-3632-8879-a8861a6eee99,50,5.162471,0.35997222,0.0,2.0
747ca041-396e-339c-949b-54f1687d5935,44,8.737503,0.35750000000000004,0.0,2.0
c6e371cf-467b-30d7-bfe1-34c953b04e62,37,12.880198,0.2275,0.0,2.0
d488bb65-2c9b-3f36-a58a-71da36408d73,38,12.30089,0.28044444,0.0,2.0
e01c0ff9-22d3-37a9-ae05-d37bf1757840,41,10.477253,0.325,0.0,2.0
54fbfa95-f5a9-3112-96ee-89083d3cee59,5,34.735775,7.0975,0.0,2.0
be975a52-6e13-3c55-ac97-0d12eeed2e0d,27,18.745886,0.2925,0.0,2.0
137ded64-5daf-38ab-9dc3-eefc83bc6b62,44,8.547142,0.32499999,0.0,2.0
53183116-2cb2-32ee-9042-d62eb7061407,36,13.274112,0.19522222,0.0,2.0
bda10bd1-8814-363d-b24a-2fefb24d674b,37,12.7644205,0.43986108999999995,0.0,2.0
ad348d2e-84ef-3309-973f-5ddb2257d41f,46,7.2733316,0.2275,0.0,2.0
d3c11ebd-0fd9-31db-96a9-3a03af3b62a4,36,13.192863,0.3578611,0.0,2.0
a06fd27a-653a-3b77-a45a-8181550b04d6,42,9.465333,0.195,0.0,2.0
a06fd27a-653a-3b77-a45a-8181550b04d6,36,13.050417,0.26,0.0,2.0
af4c3ca7-8e4f-3cfa-9cc0-98c246982660,37,12.389999,0.1625,0.0,2.0
60bf99b0-65fd-3c3f-94fb-8ceb451d59e7,32,15.370056,0.13,0.0,2.0
e01c0ff9-22d3-37a9-ae05-d37bf1757840,41,9.980057,0.2275,0.0,2.0
d488bb65-2c9b-3f36-a58a-71da36408d73,38,11.774864,0.26,0.0,2.0
e1d1e301-97c2-3ddb-9354-e3428842701e,44,8.175388,0.32008332,0.0,2.0
17ac6cbf-1b86-3c01-a7c1-34a98303a692,35,13.551472,0.455,0.0,2.0
9079d8f6-3da1-30cc-a2f5-c01dd7a4d8f1,40,10.407252,0.2925,0.0,2.0
53183116-2cb2-32ee-9042-d62eb7061407,36,12.752252,0.29249999000000004,0.0,2.0
d3c11ebd-0fd9-31db-96a9-3a03af3b62a4,36,12.664889,0.097916665,0.0,2.0
62920576-2e0c-3c6e-8ce7-8b33b6632dff,37,12.096527,0.25116666,0.0,2.0
57a02b5f-fe74-39fd-8853-c06ac74ed3af,39,11.009116,0.5525,0.0,2.0
9079d8f6-3da1-30cc-a2f5-c01dd7a4d8f1,40,10.2699995,0.2925,0.0,2.0
a5a1b284-05a4-3178-b648-1fa43c67f631,27,18.07433,0.44969446,0.0,2.0
f8eee638-56ba-39c4-9a4b-9e1a13689716,38,11.426835,0.39,0.0,2.0
46fba6aa-36a4-303f-8be0-d39c7d9b932c,41,9.605391,0.42249999000000005,0.0,2.0
137ded64-5daf-38ab-9dc3-eefc83bc6b62,44,7.803495,0.6174999999999999,0.0,2.0
be975a52-6e13-3c55-ac97-0d12eeed2e0d,27,17.745691,0.29299998,0.0,2.0
d488bb65-2c9b-3f36-a58a-71da36408d73,38,11.246674,0.55249999,0.0,2.0
581923c5-755e-3791-9fa7-ad071fb2edfb,33,14.059724,0.1625,0.0,2.0
d685cfdf-24d7-3a15-8855-592f664942ee,40,9.829141,0.1625,0.0,2.0
a5a1b284-05a4-3178-b648-1fa43c67f631,38,11.144613,0.52016663,0.0,2.0
ce571014-b5f2-31b0-a093-f4242ad19ab9,27,17.627249,0.31725,0.0,2.0
5a5bf1b0-fc87-3291-9c81-5af5b72ea05c,45,6.8649983,0.4225,0.0,2.0
16d389e9-52a1-3d6b-8f3c-17c442106e21,36,12.249447,0.4238611,0.0,2.0
17ac6cbf-1b86-3c01-a7c1-34a98303a692,35,12.73275,0.35788887999999996,0.0,2.0
89d8fa15-fc9c-3763-a09a-55dc2143d9e8,37,11.595725,0.52330554,0.0,2.0
f425a4cc-ed35-3aba-bbe9-6e099b19dd98,33,13.793889,0.13016666999999998,0.0,2.0
46fba6aa-36a4-303f-8be0-d39c7d9b932c,41,9.05739,0.35769444,0.0,2.0
fa1979d6-55c6-3f8d-a755-fca3973102d2,31,15.035892,0.3315,0.0,2.0
5a5bf1b0-fc87-3291-9c81-5af5b72ea05c,31,15.000556,0.35750000000000004,0.0,2.0
181d3bd7-a6a4-3281-83e0-80898a00b87c,29,16.154444,0.29322222,0.0,2.0
ad894d47-f307-3732-8aa9-38e388fa5f2e,33,13.705252,0.196416667,0.0,2.0
60bf99b0-65fd-3c3f-94fb-8ceb451d59e7,32,14.337418,0.32513886999999997,0.0,2.0
f8eee638-56ba-39c4-9a4b-9e1a13689716,38,10.6803055,0.32536109999999996,0.0,2.0
5538a778-326b-3efe-92f1-830341624b7a,32,14.09528,0.0325,0.0,2.0
e1d1e301-97c2-3ddb-9354-e3428842701e,33,13.667615,0.4875,0.0,2.0
c9af88cf-a96e-3a62-b821-5a49cdaecb46,34,13.008976,0.354,0.0,2.0
f0e0d347-8d78-3633-ba47-8970f6d44b69,32,14.171085,0.26,0.0,2.0
f425a4cc-ed35-3aba-bbe9-6e099b19dd98,33,13.509057,0.13,0.0,2.0
6dfad87b-d3ea-3163-8d69-8e5fc7fd903c,35,12.410919,0.55249999,0.0,2.0
91c6b387-1b6c-3144-a42d-588a23b0aa58,37,11.046945,0.26,0.0,2.0
fa0ba6b4-9635-36f5-90da-19916a4a68df,30,15.199863,0.1625,0.0,2.0
f0e0d347-8d78-3633-ba47-8970f6d44b69,32,14.041558,0.2925,0.0,2.0
17ac6cbf-1b86-3c01-a7c1-34a98303a692,35,12.183001,0.195,0.0,2.0
b5099be9-6f36-3ae9-9588-b4279bea2faf,39,9.78264,0.41527776000000005,0.0,2.0
581923c5-755e-3791-9fa7-ad071fb2edfb,33,13.330335,0.2925,0.0,2.0
581923c5-755e-3791-9fa7-ad071fb2edfb,26,17.45678,0.195,0.0,2.0
9079d8f6-3da1-30cc-a2f5-c01dd7a4d8f1,40,9.088475,0.2925,0.0,2.0
5538a778-326b-3efe-92f1-830341624b7a,32,13.922197,0.39125,0.0,2.0
febf1ebd-3f7a-3eca-ac4c-37f324c84908,33,13.179306,0.0975,0.0,2.0
c515a260-b022-3896-bbdb-ec42c7647bc8,40,9.102141,0.4225,0.0,2.0
ce571014-b5f2-31b0-a093-f4242ad19ab9,30,15.009751,0.195,0.0,2.0
84740a99-24c0-36bc-b102-ec50a3a6a3dc,36,11.392196,0.22791666,0.0,2.0
d488bb65-2c9b-3f36-a58a-71da36408d73,38,10.175334,0.195,0.0,2.0
e29f3213-0901-3f89-a6fc-7e4557e8f644,34,12.569418,0.2275,0.0,2.0
febf1ebd-3f7a-3eca-ac4c-37f324c84908,33,13.150752,0.19575,0.0,2.0
c9af88cf-a96e-3a62-b821-5a49cdaecb46,34,12.595004,0.3575,0.0,2.0
637188a4-4580-38af-b73b-d6334da9b9d2,34,12.5932255,0.3575,0.0,2.0
5a5bf1b0-fc87-3291-9c81-5af5b72ea05c,45,6.010275,0.42249999000000005,0.0,2.0
c515a260-b022-3896-bbdb-ec42c7647bc8,40,8.9024725,0.38208333,0.0,2.0
d685cfdf-24d7-3a15-8855-592f664942ee,40,8.878028,0.32499999,0.0,2.0
5538a778-326b-3efe-92f1-830341624b7a,32,13.629918,0.35750000000000004,0.0,2.0
be975a52-6e13-3c55-ac97-0d12eeed2e0d,27,16.511307,0.065,0.0,2.0
e29f3213-0901-3f89-a6fc-7e4557e8f644,34,12.511338,0.5761666400000001,0.0,2.0
a06fd27a-653a-3b77-a45a-8181550b04d6,36,11.1616125,0.292749984,0.0,2.0
7ba392d7-5b8c-3918-b35a-8805284b6a12,33,12.963727,0.52013887,0.0,2.0
d685cfdf-24d7-3a15-8855-592f664942ee,40,8.709696,0.39027776999999997,0.0,2.0
e29f3213-0901-3f89-a6fc-7e4557e8f644,34,12.1876135,0.13,0.0,2.0
c6e371cf-467b-30d7-bfe1-34c953b04e62,37,10.432502,0.26,0.0,2.0
a5a1b284-05a4-3178-b648-1fa43c67f631,38,9.901001,0.455,0.0,2.0
6dfad87b-d3ea-3163-8d69-8e5fc7fd903c,35,11.628141,0.325,0.0,2.0
a5a1b284-05a4-3178-b648-1fa43c67f631,38,9.917393,0.6418888700000001,0.0,2.0
57a02b5f-fe74-39fd-8853-c06ac74ed3af,39,9.138861,0.2925,0.0,2.0
16d389e9-52a1-3d6b-8f3c-17c442106e21,36,10.879667,0.1625,0.0,2.0
62920576-2e0c-3c6e-8ce7-8b33b6632dff,37,10.429367,0.68372219,0.0,2.0
043a8db3-740a-3632-8879-a8861a6eee99,35,11.462501,0.32513887,0.0,2.0
31e532c3-cefc-351a-afe2-31e79598a114,33,12.634946,0.26047222000000003,0.0,2.0
ad894d47-f307-3732-8aa9-38e388fa5f2e,33,12.554475,0.26,0.0,2.0
60bf99b0-65fd-3c3f-94fb-8ceb451d59e7,32,13.203669,0.39052777000000005,0.0,2.0
e29f3213-0901-3f89-a6fc-7e4557e8f644,34,11.902808,0.1625,0.0,2.0
fa0ba6b4-9635-36f5-90da-19916a4a68df,30,14.245946,0.16444445000000002,0.0,2.0
ce571014-b5f2-31b0-a093-f4242ad19ab9,27,16.050863,0.195,0.0,2.0
4ac5e728-06c8-38ad-9ad1-eab9ca0ab1c2,30,14.270141,0.26,0.0,2.0
ff92029b-ff33-3966-afb2-a60b15982844,32,13.160142,0.4875,0.0,2.0
181d3bd7-a6a4-3281-83e0-80898a00b87c,30,14.2818365,0.38999999,0.0,2.0
137ded64-5daf-38ab-9dc3-eefc83bc6b62,44,5.814693,0.2275,0.0,2.0
1a1018bb-cdf9-3682-bfdd-7b5ab5d6ae59,22,18.987967,0.2925,0.0,2.0
e1d1e301-97c2-3ddb-9354-e3428842701e,33,12.37328,0.29280556,0.0,2.0
f8eee638-56ba-39c4-9a4b-9e1a13689716,38,9.424279,0.4875,0.0,2.0
6b849a38-5c38-3849-8695-2eed48adaaab,31,13.546641,0.32569444,0.0,2.0
bda10bd1-8814-363d-b24a-2fefb24d674b,39,8.714999,0.26,0.0,2.0
f0e0d347-8d78-3633-ba47-8970f6d44b69,32,12.940307,0.32513889,0.0,2.0
4ac5e728-06c8-38ad-9ad1-eab9ca0ab1c2,36,10.549834,0.42249999000000005,0.0,2.0
c515a260-b022-3896-bbdb-ec42c7647bc8,40,8.027443,0.32499999,0.0,2.0
af4c3ca7-8e4f-3cfa-9cc0-98c246982660,37,9.758586,0.2275,0.0,2.0
f8eee638-56ba-39c4-9a4b-9e1a13689716,38,9.242862,0.44463888,0.0,2.0
ce571014-b5f2-31b0-a093-f4242ad19ab9,30,13.924919,0.1625,0.0,2.0
043a8db3-740a-3632-8879-a8861a6eee99,35,10.942723,0.26,0.0,2.0
53183116-2cb2-32ee-9042-d62eb7061407,36,10.280002,0.13,0.0,2.0
6dfad87b-d3ea-3163-8d69-8e5fc7fd903c,33,12.093864,0.2275,0.0,2.0
c9af88cf-a96e-3a62-b821-5a49cdaecb46,22,18.51819,0.0975,0.0,2.0
c515a260-b022-3896-bbdb-ec42c7647bc8,40,7.777691,0.26036111,0.0,2.0
f7735ad9-b6bf-31ee-adf0-f75b77a0cba3,33,11.9609995,0.2925,0.0,2.0
a5a1b284-05a4-3178-b648-1fa43c67f631,38,8.926334,0.2925,0.0,2.0
3c924e67-4bc2-360c-a243-610ffa1b96ab,34,11.293777,0.22794443,0.0,2.0
31e532c3-cefc-351a-afe2-31e79598a114,33,11.901557,0.26,0.0,2.0
62920576-2e0c-3c6e-8ce7-8b33b6632dff,40,7.751105,0.455,0.0,2.0
c9af88cf-a96e-3a62-b821-5a49cdaecb46,34,11.237499,0.195,0.0,2.0
3b8ed7cc-85dc-395a-baf7-65a422fd58b6,28,14.831056,0.19519444,0.0,2.0
fa0ba6b4-9635-36f5-90da-19916a4a68df,30,13.703089,0.43627777,0.0,2.0
febf1ebd-3f7a-3eca-ac4c-37f324c84908,33,11.79189,0.1625,0.0,2.0
53183116-2cb2-32ee-9042-d62eb7061407,36,9.922055,0.0975,0.0,2.0
84740a99-24c0-36bc-b102-ec50a3a6a3dc,36,9.981723,0.26,0.0,2.0
89d8fa15-fc9c-3763-a09a-55dc2143d9e8,28,14.703586,0.13,0.0,2.0
581923c5-755e-3791-9fa7-ad071fb2edfb,33,11.7575035,0.35749999,0.0,2.0
7ba392d7-5b8c-3918-b35a-8805284b6a12,33,11.659502,0.1625,0.0,2.0
3c924e67-4bc2-360c-a243-610ffa1b96ab,34,11.062141,0.26,0.0,2.0
bda10bd1-8814-363d-b24a-2fefb24d674b,37,9.251969,0.35750000000000004,0.0,2.0
c038a252-b777-35c6-9b48-0e79ea8d7a5f,28,14.597278,0.32516665,0.0,2.0
6b849a38-5c38-3849-8695-2eed48adaaab,34,10.9000025,0.195,0.0,2.0
d685cfdf-24d7-3a15-8855-592f664942ee,40,7.344998,0.35749999,0.0,2.0
3b8ed7cc-85dc-395a-baf7-65a422fd58b6,28,14.475418,0.26,0.0,2.0
6b849a38-5c38-3849-8695-2eed48adaaab,34,10.748334,0.13016666999999998,0.0,2.0
e29f3213-0901-3f89-a6fc-7e4557e8f644,26,15.508863,0.1625,0.0,2.0
181d3bd7-a6a4-3281-83e0-80898a00b87c,30,13.122224,0.22791666,0.0,2.0
6dfad87b-d3ea-3163-8d69-8e5fc7fd903c,33,11.373254,0.35750000000000004,0.0,2.0
e4c401fb-517e-3e52-ba48-636ba333297d,35,10.041667,0.0325,0.0,2.0
53183116-2cb2-32ee-9042-d62eb7061407,31,12.4175005,0.0975,0.0,2.0
d685cfdf-24d7-3a15-8855-592f664942ee,40,7.1206083,0.38999999,0.0,2.0
60bf99b0-65fd-3c3f-94fb-8ceb451d59e7,32,11.825168,0.1625,0.0,2.0
043a8db3-740a-3632-8879-a8861a6eee99,35,10.124641,0.47319443000000005,0.0,2.0
54c9951c-a985-3fae-8272-0ee59773fd9f,32,11.835002,0.32499999,0.0,2.0
d3c11ebd-0fd9-31db-96a9-3a03af3b62a4,23,17.189997,0.32688888,0.0,2.0
c038a252-b777-35c6-9b48-0e79ea8d7a5f,28,14.21053,0.47252775,0.0,2.0
53183116-2cb2-32ee-9042-d62eb7061407,31,12.270195,0.13,0.0,2.0
fa1979d6-55c6-3f8d-a755-fca3973102d2,31,12.359502,0.46949997,0.0,2.0
89d8fa15-fc9c-3763-a09a-55dc2143d9e8,28,14.094196,0.325,0.0,2.0
966541a6-ac93-3794-9285-f4cf5f8a44be,40,6.9273877,0.455,0.0,2.0
53183116-2cb2-32ee-9042-d62eb7061407,31,12.176169,0.13,0.0,2.0
17ac6cbf-1b86-3c01-a7c1-34a98303a692,35,9.80739,0.39013887,0.0,2.0
f0e0d347-8d78-3633-ba47-8970f6d44b69,24,16.40122,0.48772222,0.0,2.0
54c9951c-a985-3fae-8272-0ee59773fd9f,24,16.237497,0.1625,0.0,2.0
c9af88cf-a96e-3a62-b821-5a49cdaecb46,34,10.274226,0.35750000000000004,0.0,2.0
6dfad87b-d3ea-3163-8d69-8e5fc7fd903c,35,9.664389,0.38269443000000003,0.0,2.0
fa0ba6b4-9635-36f5-90da-19916a4a68df,30,12.577778,0.2925,0.0,2.0
af4c3ca7-8e4f-3cfa-9cc0-98c246982660,37,8.180056,0.2925,0.0,2.0
6b849a38-5c38-3849-8695-2eed48adaaab,31,11.781446,0.32622221,0.0,2.0
966541a6-ac93-3794-9285-f4cf5f8a44be,27,14.172891,0.325,0.0,2.0
ad894d47-f307-3732-8aa9-38e388fa5f2e,33,10.501445,0.1625,0.0,2.0
91c6b387-1b6c-3144-a42d-588a23b0aa58,27,14.124416,0.2275,0.0,2.0
62920576-2e0c-3c6e-8ce7-8b33b6632dff,37,8.210501,0.55313885,0.0,2.0
48cfb0e6-05da-31c9-b0a0-cd00cea8625f,26,14.615806,0.0975,0.0,2.0
f8eee638-56ba-39c4-9a4b-9e1a13689716,38,7.350639,0.195,0.0,2.0
84740a99-24c0-36bc-b102-ec50a3a6a3dc,36,8.4591675,0.13,0.0,2.0
f7735ad9-b6bf-31ee-adf0-f75b77a0cba3,33,10.316977,0.325,0.0,2.0
91c6b387-1b6c-3144-a42d-588a23b0aa58,27,13.870474,0.26016666,0.0,2.0
4ac5e728-06c8-38ad-9ad1-eab9ca0ab1c2,36,8.389999,0.13,0.0,2.0
e1d1e301-97c2-3ddb-9354-e3428842701e,33,10.262197,0.35750000000000004,0.0,2.0
91c6b387-1b6c-3144-a42d-588a23b0aa58,37,7.7804694,0.2275,0.0,2.0
f7735ad9-b6bf-31ee-adf0-f75b77a0cba3,33,10.137863,0.21922222,0.0,2.0
6b849a38-5c38-3849-8695-2eed48adaaab,34,9.490974,0.13080555500000002,0.0,2.0
febf1ebd-3f7a-3eca-ac4c-37f324c84908,21,17.269445,0.09788889,0.0,2.0
d488bb65-2c9b-3f36-a58a-71da36408d73,32,10.716333,0.42249999000000005,0.0,2.0
a5a1b284-05a4-3178-b648-1fa43c67f631,38,7.1523037,0.52,0.0,2.0
53183116-2cb2-32ee-9042-d62eb7061407,31,11.256557,0.29286111000000004,0.0,2.0
6b849a38-5c38-3849-8695-2eed48adaaab,31,11.172889,0.1625,0.0,2.0
e9289bfe-837e-3cbf-af40-10ba963b4ffb,25,14.812503,0.2925,0.0,2.0
e29f3213-0901-3f89-a6fc-7e4557e8f644,26,14.169168,0.2275,0.0,2.0
31e532c3-cefc-351a-afe2-31e79598a114,33,9.922722,0.195,0.0,2.0
e1d1e301-97c2-3ddb-9354-e3428842701e,33,9.998197,0.42274999,0.0,2.0
137ded64-5daf-38ab-9dc3-eefc83bc6b62,29,12.389919,0.42269444,0.0,2.0
966541a6-ac93-3794-9285-f4cf5f8a44be,27,13.576333,0.42288885,0.0,2.0
febf1ebd-3f7a-3eca-ac4c-37f324c84908,33,9.868723,0.195,0.0,2.0
8a1283bc-0502-302d-9073-3b0a381f0216,32,10.529974,0.36224999,0.0,2.0
84740a99-24c0-36bc-b102-ec50a3a6a3dc,36,8.046387,0.1625,0.0,2.0
31e532c3-cefc-351a-afe2-31e79598a114,33,9.900002,0.32499999,0.0,2.0
d488bb65-2c9b-3f36-a58a-71da36408d73,32,10.4651375,0.26,0.0,2.0
e29f3213-0901-3f89-a6fc-7e4557e8f644,26,13.98564,0.2925,0.0,2.0
9a7c8c11-8ec4-3a6c-87e7-c83e500c7b09,27,13.360059,0.32530556,0.0,2.0
f8eee638-56ba-39c4-9a4b-9e1a13689716,38,6.616304,0.065,0.0,2.0
84740a99-24c0-36bc-b102-ec50a3a6a3dc,36,7.9043045,0.292972225,0.0,2.0
8dbc5703-9cea-37cf-86d4-da1fb3a0f892,26,13.816864,0.195,0.0,2.0
e4c401fb-517e-3e52-ba48-636ba333297d,25,14.400946,0.1625,0.0,2.0
1a1018bb-cdf9-3682-bfdd-7b5ab5d6ae59,25,14.3351965,0.09769444000000001,0.0,2.0
3b8ed7cc-85dc-395a-baf7-65a422fd58b6,26,13.819251,0.317444436,0.0,2.0
b75f31d3-28e7-3990-86f2-222833f03263,26,13.853725,0.5525,0.0,2.0
3b8ed7cc-85dc-395a-baf7-65a422fd58b6,28,12.481585,0.1625,0.0,2.0
181d3bd7-a6a4-3281-83e0-80898a00b87c,30,11.312751,0.24738889,0.0,2.0
b75f31d3-28e7-3990-86f2-222833f03263,26,13.657975,0.35750000000000004,0.0,2.0
1a1018bb-cdf9-3682-bfdd-7b5ab5d6ae59,25,14.125669,0.0975,0.0,2.0
e4c401fb-517e-3e52-ba48-636ba333297d,35,8.223834,0.38999999,0.0,2.0
e9289bfe-837e-3cbf-af40-10ba963b4ffb,24,14.70539,0.0975,0.0,2.0
60bf99b0-65fd-3c3f-94fb-8ceb451d59e7,32,10.007837,0.3578333,0.0,2.0
09570992-4b64-3d44-ae9c-037c8b07c704,24,14.7452545,0.29269444,0.0,2.0
4ac5e728-06c8-38ad-9ad1-eab9ca0ab1c2,36,7.4531636,0.13,0.0,2.0
d488bb65-2c9b-3f36-a58a-71da36408d73,32,9.875504,0.19525,0.0,2.0
09570992-4b64-3d44-ae9c-037c8b07c704,28,12.265614,0.2275,0.0,2.0
c9af88cf-a96e-3a62-b821-5a49cdaecb46,34,8.692974,0.40047221,0.0,2.0
c6e371cf-467b-30d7-bfe1-34c953b04e62,37,6.8026924,0.195,0.0,2.0
48cfb0e6-05da-31c9-b0a0-cd00cea8625f,26,13.330444,0.06519444,0.0,2.0
fa0ba6b4-9635-36f5-90da-19916a4a68df,30,10.991364,0.29327777,0.0,2.0
043a8db3-740a-3632-8879-a8861a6eee99,35,7.9066668,0.0975,0.0,2.0
5a5bf1b0-fc87-3291-9c81-5af5b72ea05c,31,10.442502,0.48749999,0.0,2.0
fa1979d6-55c6-3f8d-a755-fca3973102d2,31,10.28,0.2925,0.0,2.0
137ded64-5daf-38ab-9dc3-eefc83bc6b62,29,11.465,0.26,0.0,2.0
6dfad87b-d3ea-3163-8d69-8e5fc7fd903c,33,9.111223,0.38999999,0.0,2.0
fa1979d6-55c6-3f8d-a755-fca3973102d2,31,10.205613,0.16291666,0.0,2.0
c6e371cf-467b-30d7-bfe1-34c953b04e62,29,11.44853,0.39016666,0.0,2.0
e1d1e301-97c2-3ddb-9354-e3428842701e,33,9.073113,0.45561110000000005,0.0,2.0
755d1b2a-3741-3405-9d58-bee01ce68445,27,12.595196,0.32519444,0.0,2.0
16d389e9-52a1-3d6b-8f3c-17c442106e21,28,11.989671,0.42691663999999996,0.0,2.0
ad348d2e-84ef-3309-973f-5ddb2257d41f,31,10.127501,0.35750000000000004,0.0,2.0
e9289bfe-837e-3cbf-af40-10ba963b4ffb,24,14.205001,0.065,0.0,2.0
62920576-2e0c-3c6e-8ce7-8b33b6632dff,40,4.682693,0.26,0.0,2.0
85097407-5c18-303b-8e70-ac0437931f26,27,12.416723,0.13,0.0,2.0
637188a4-4580-38af-b73b-d6334da9b9d2,34,8.261306,0.26,0.0,2.0
6dfad87b-d3ea-3163-8d69-8e5fc7fd903c,35,7.649998,0.26,0.0,2.0
181d3bd7-a6a4-3281-83e0-80898a00b87c,30,10.597919,0.13,0.0,2.0
16d389e9-52a1-3d6b-8f3c-17c442106e21,36,6.932499,0.2275,0.0,2.0
be975a52-6e13-3c55-ac97-0d12eeed2e0d,27,12.297891,0.16266667,0.0,2.0
91c6b387-1b6c-3144-a42d-588a23b0aa58,27,12.400088,0.4229722,0.0,2.0
f7735ad9-b6bf-31ee-adf0-f75b77a0cba3,33,8.772558,0.35797223,0.0,2.0
7ba392d7-5b8c-3918-b35a-8805284b6a12,33,8.620946,0.03261111,0.0,2.0
e4c401fb-517e-3e52-ba48-636ba333297d,35,7.506443,0.33394442,0.0,2.0
3b8ed7cc-85dc-395a-baf7-65a422fd58b6,28,11.715001,0.38999999,0.0,2.0
f425a4cc-ed35-3aba-bbe9-6e099b19dd98,33,8.617723,0.1625,0.0,2.0
d488bb65-2c9b-3f36-a58a-71da36408d73,32,9.149999,0.13,0.0,2.0
ff92029b-ff33-3966-afb2-a60b15982844,25,13.379863,0.2925,0.0,2.0
e01c0ff9-22d3-37a9-ae05-d37bf1757840,24,13.941002,0.32499999,0.0,2.0
15c4d5e1-511b-3f86-aa70-268b59a84b57,23,14.56239,0.6074999999999999,0.0,2.0
09570992-4b64-3d44-ae9c-037c8b07c704,28,11.400002,0.26,0.0,2.0
181d3bd7-a6a4-3281-83e0-80898a00b87c,30,10.212167,0.3255,0.0,2.0
637188a4-4580-38af-b73b-d6334da9b9d2,10,22.172638,0.22749999,0.0,2.0
89d8fa15-fc9c-3763-a09a-55dc2143d9e8,28,11.414587,0.38999999,0.0,2.0
f425a4cc-ed35-3aba-bbe9-6e099b19dd98,33,8.384697,0.35750000000000004,0.0,2.0
31e532c3-cefc-351a-afe2-31e79598a114,18,17.355467,0.39,0.0,2.0
54c9951c-a985-3fae-8272-0ee59773fd9f,32,8.908557,0.2925,0.0,2.0
ff92029b-ff33-3966-afb2-a60b15982844,32,8.867888,0.19519444400000002,0.0,2.0
e9289bfe-837e-3cbf-af40-10ba963b4ffb,24,13.650002,0.39,0.0,2.0
ff92029b-ff33-3966-afb2-a60b15982844,32,8.772198,0.2925,0.0,2.0
f7735ad9-b6bf-31ee-adf0-f75b77a0cba3,33,8.103806,0.13,0.0,2.0
85097407-5c18-303b-8e70-ac0437931f26,27,11.770031,0.325,0.0,2.0
6b849a38-5c38-3849-8695-2eed48adaaab,34,7.5381093,0.26,0.0,2.0
7ba392d7-5b8c-3918-b35a-8805284b6a12,33,8.068444,0.13,0.0,2.0
181d3bd7-a6a4-3281-83e0-80898a00b87c,29,10.517419,0.26022222,0.0,2.0
febf1ebd-3f7a-3eca-ac4c-37f324c84908,33,8.1175,0.39,0.0,2.0
54c9951c-a985-3fae-8272-0ee59773fd9f,24,13.3675,0.1625,0.0,2.0
a5a1b284-05a4-3178-b648-1fa43c67f631,27,11.5007515,0.26,0.0,2.0
581923c5-755e-3791-9fa7-ad071fb2edfb,26,12.093889,0.26,0.0,2.0
16d389e9-52a1-3d6b-8f3c-17c442106e21,36,6.0949974,0.32499999,0.0,2.0
755d1b2a-3741-3405-9d58-bee01ce68445,27,11.512307,0.37830554,0.0,2.0
755d1b2a-3741-3405-9d58-bee01ce68445,27,11.528032,0.42366666,0.0,2.0
e01c0ff9-22d3-37a9-ae05-d37bf1757840,24,13.260779,0.26,0.0,2.0
8dbc5703-9cea-37cf-86d4-da1fb3a0f892,18,16.792496,0.0975,0.0,2.0
e4c401fb-517e-3e52-ba48-636ba333297d,35,6.6940246,0.39,0.0,2.0
ad348d2e-84ef-3309-973f-5ddb2257d41f,31,9.040528,0.32530556,0.0,2.0
fa1979d6-55c6-3f8d-a755-fca3973102d2,31,8.970168,0.1625,0.0,2.0
c038a252-b777-35c6-9b48-0e79ea8d7a5f,28,10.845004,0.42249999000000005,0.0,2.0
60bf99b0-65fd-3c3f-94fb-8ceb451d59e7,19,16.153528,0.195,0.0,2.0
1a1018bb-cdf9-3682-bfdd-7b5ab5d6ae59,22,14.332113,0.19519444,0.0,2.0
caad0af6-c6e2-351e-b24a-51b74e29c8ff,23,13.857364,0.51,0.0,2.0
ce571014-b5f2-31b0-a093-f4242ad19ab9,30,9.484668,0.0975,0.0,2.0
4ac5e728-06c8-38ad-9ad1-eab9ca0ab1c2,30,9.555114,0.36052777,0.0,2.0
c6e371cf-467b-30d7-bfe1-34c953b04e62,29,9.980612,0.26013889,0.0,2.0
ff92029b-ff33-3966-afb2-a60b15982844,32,8.1275,0.195,0.0,2.0
89d8fa15-fc9c-3763-a09a-55dc2143d9e8,28,10.569,0.325,0.0,2.0
09570992-4b64-3d44-ae9c-037c8b07c704,28,10.492863,0.1625,0.0,2.0
c038a252-b777-35c6-9b48-0e79ea8d7a5f,28,10.5689745,0.39,0.0,2.0
581923c5-755e-3791-9fa7-ad071fb2edfb,33,7.5074987,0.2925,0.0,2.0
3b8ed7cc-85dc-395a-baf7-65a422fd58b6,26,11.776199,0.59758332,0.0,2.0
a210c43d-3c00-3bc4-a92c-42f102dc1889,28,10.465363,0.32516666,0.0,2.0
137ded64-5daf-38ab-9dc3-eefc83bc6b62,29,9.847918,0.325,0.0,2.0
e4c401fb-517e-3e52-ba48-636ba333297d,35,6.2215533,0.29388889,0.0,2.0
b75f31d3-28e7-3990-86f2-222833f03263,26,11.61128,0.293,0.0,2.0
e9289bfe-837e-3cbf-af40-10ba963b4ffb,25,12.177751,0.23274999600000001,0.0,2.0
fea19b7b-fbc8-335d-8342-6418b933a5a1,19,15.761085,0.2275,0.0,2.0
ce571014-b5f2-31b0-a093-f4242ad19ab9,27,10.994832,0.42308333,0.0,2.0
6b849a38-5c38-3849-8695-2eed48adaaab,34,6.7083607,0.26,0.0,2.0
755d1b2a-3741-3405-9d58-bee01ce68445,27,10.83125,0.1625,0.0,2.0
16d389e9-52a1-3d6b-8f3c-17c442106e21,28,10.293977,0.38999999,0.0,2.0
a210c43d-3c00-3bc4-a92c-42f102dc1889,28,10.215861,0.2275,0.0,2.0
ff92029b-ff33-3966-afb2-a60b15982844,25,12.102868,0.455,0.0,2.0
1a1018bb-cdf9-3682-bfdd-7b5ab5d6ae59,22,13.822751,0.26,0.0,2.0
caad0af6-c6e2-351e-b24a-51b74e29c8ff,26,11.379224,0.1625,0.0,2.0
ce571014-b5f2-31b0-a093-f4242ad19ab9,27,10.736889,0.068194443,0.0,2.0
ad894d47-f307-3732-8aa9-38e388fa5f2e,23,13.172667,0.195,0.0,2.0
581923c5-755e-3791-9fa7-ad071fb2edfb,26,11.520921,0.58499999,0.0,2.0
ad894d47-f307-3732-8aa9-38e388fa5f2e,33,7.10186,0.13172221,0.0,2.0
febf1ebd-3f7a-3eca-ac4c-37f324c84908,21,14.30328,0.260777766,0.0,2.0
d685cfdf-24d7-3a15-8855-592f664942ee,21,14.258029,0.195,0.0,2.0
8dbc5703-9cea-37cf-86d4-da1fb3a0f892,26,11.281644,0.32516666,0.0,2.0
ce571014-b5f2-31b0-a093-f4242ad19ab9,30,8.846555,0.26094443,0.0,2.0
c6e371cf-467b-30d7-bfe1-34c953b04e62,29,9.442637,0.2925,0.0,2.0
3b8ed7cc-85dc-395a-baf7-65a422fd58b6,28,10.066252,0.35750000000000004,0.0,2.0
fea19b7b-fbc8-335d-8342-6418b933a5a1,23,12.945,0.065,0.0,2.0
d3c11ebd-0fd9-31db-96a9-3a03af3b62a4,23,12.986752,0.195,0.0,2.0
9a7c8c11-8ec4-3a6c-87e7-c83e500c7b09,27,10.559054,0.1625,0.0,2.0
9a7c8c11-8ec4-3a6c-87e7-c83e500c7b09,27,10.650531,0.42322221,0.0,2.0
0049ef24-ec83-356d-89f7-46b67364e677,9,21.304083,0.065,0.0,2.0
ad894d47-f307-3732-8aa9-38e388fa5f2e,23,12.93314,0.19547222999999997,0.0,2.0
31e532c3-cefc-351a-afe2-31e79598a114,18,15.873005,0.195,0.0,2.0
a06fd27a-653a-3b77-a45a-8181550b04d6,9,21.260918,0.31530553000000006,0.0,2.0
74b4c47f-d2ad-3d53-940e-af66a30f692d,26,10.955001,0.13,0.0,2.0
89d8fa15-fc9c-3763-a09a-55dc2143d9e8,28,9.790002,0.325,0.0,2.0
caad0af6-c6e2-351e-b24a-51b74e29c8ff,26,10.893195,0.0975,0.0,2.0
8dbc5703-9cea-37cf-86d4-da1fb3a0f892,26,10.890336,0.13,0.0,2.0
6dfad87b-d3ea-3163-8d69-8e5fc7fd903c,33,6.676222,0.13,0.0,2.0
85097407-5c18-303b-8e70-ac0437931f26,27,10.402724,0.48769444,0.0,2.0
31e532c3-cefc-351a-afe2-31e79598a114,18,15.640365,0.13011111,0.0,2.0
09570992-4b64-3d44-ae9c-037c8b07c704,24,12.030334,0.35783333,0.0,1.0
ad348d2e-84ef-3309-973f-5ddb2257d41f,31,7.7376103,0.195,0.0,1.0
6dfad87b-d3ea-3163-8d69-8e5fc7fd903c,35,5.3359423,0.19594444,0.0,1.0
f0e0d347-8d78-3633-ba47-8970f6d44b69,24,11.938168,0.2275,0.0,1.0
5a5bf1b0-fc87-3291-9c81-5af5b72ea05c,31,7.7446656,0.26,0.0,1.0
3c924e67-4bc2-360c-a243-610ffa1b96ab,22,13.0563345,0.065,0.0,1.0
ce571014-b5f2-31b0-a093-f4242ad19ab9,27,10.099834,0.35750000000000004,0.0,1.0
60bf99b0-65fd-3c3f-94fb-8ceb451d59e7,19,14.868418,0.35780553,0.0,1.0
3c924e67-4bc2-360c-a243-610ffa1b96ab,22,12.980919,0.1625,0.0,1.0
c6e371cf-467b-30d7-bfe1-34c953b04e62,29,8.789084,0.32980556,0.0,1.0
1a1018bb-cdf9-3682-bfdd-7b5ab5d6ae59,25,11.144503,0.2925,0.0,1.0
8dbc5703-9cea-37cf-86d4-da1fb3a0f892,26,10.449919,0.13,0.0,1.0
4ac5e728-06c8-38ad-9ad1-eab9ca0ab1c2,30,8.032832,0.2275,0.0,1.0
1f907ab1-f3de-3472-acef-a0c6900100de,25,11.062973,0.39047221,0.0,1.0
ff92029b-ff33-3966-afb2-a60b15982844,25,11.032363,0.32516666,0.0,1.0
8dbc5703-9cea-37cf-86d4-da1fb3a0f892,26,10.421616,0.32772221,0.0,1.0
901d25a5-c9f2-3e46-91af-297539864ad8,17,15.695001,0.065,0.0,1.0
7ba392d7-5b8c-3918-b35a-8805284b6a12,22,12.704697,0.3778889,0.0,1.0
ad894d47-f307-3732-8aa9-38e388fa5f2e,23,11.987667,0.13,0.0,1.0
901d25a5-c9f2-3e46-91af-297539864ad8,17,15.51,0.1625,0.0,1.0
b75f31d3-28e7-3990-86f2-222833f03263,26,10.2085,0.42280555000000003,0.0,1.0
9079d8f6-3da1-30cc-a2f5-c01dd7a4d8f1,18,14.857835,0.13,0.0,1.0
74b4c47f-d2ad-3d53-940e-af66a30f692d,26,10.014362,0.25999999,0.0,1.0
54c9951c-a985-3fae-8272-0ee59773fd9f,32,6.4424963,0.455,0.0,1.0
a210c43d-3c00-3bc4-a92c-42f102dc1889,28,8.650916,0.13,0.0,1.0
a210c43d-3c00-3bc4-a92c-42f102dc1889,28,8.7280855,0.37458333,0.0,1.0
fa1979d6-55c6-3f8d-a755-fca3973102d2,18,14.659084,0.29286111000000004,0.0,1.0
48cfb0e6-05da-31c9-b0a0-cd00cea8625f,26,9.802503,0.1625,0.0,1.0
729b21c8-4fad-35cb-8d17-4cad1e2932e2,15,16.449778,0.37380555,0.0,1.0
09570992-4b64-3d44-ae9c-037c8b07c704,24,11.062975,0.42249999000000005,0.0,1.0
e9289bfe-837e-3cbf-af40-10ba963b4ffb,24,10.955,0.1625,0.0,1.0
15c4d5e1-511b-3f86-aa70-268b59a84b57,23,11.583446,0.29249999000000004,0.0,1.0
9a7c8c11-8ec4-3a6c-87e7-c83e500c7b09,27,9.133332,0.195,0.0,1.0
ff92029b-ff33-3966-afb2-a60b15982844,32,6.1769705,0.325,0.0,1.0
1f907ab1-f3de-3472-acef-a0c6900100de,20,13.377836,0.51,0.0,1.0
caad0af6-c6e2-351e-b24a-51b74e29c8ff,26,9.644639,0.19522222,0.0,1.0
48cfb0e6-05da-31c9-b0a0-cd00cea8625f,26,9.598973,0.13,0.0,1.0
e9289bfe-837e-3cbf-af40-10ba963b4ffb,24,10.829864,0.29249999000000004,0.0,1.0
e9289bfe-837e-3cbf-af40-10ba963b4ffb,25,10.130335,0.219,0.0,1.0
91c6b387-1b6c-3144-a42d-588a23b0aa58,27,8.929416,0.2925,0.0,1.0
3b8ed7cc-85dc-395a-baf7-65a422fd58b6,26,9.526751,0.29736111,0.0,1.0
a5a1b284-05a4-3178-b648-1fa43c67f631,27,8.835,0.195,0.0,1.0
85097407-5c18-303b-8e70-ac0437931f26,24,10.684472,0.35924999,0.0,1.0
54c9951c-a985-3fae-8272-0ee59773fd9f,24,10.617028,0.195,0.0,1.0
fd3c4338-9221-3101-924c-2fbcadff84aa,20,13.028667,0.22811112,0.0,1.0
a5a1b284-05a4-3178-b648-1fa43c67f631,27,8.810225,0.325,0.0,1.0
1f907ab1-f3de-3472-acef-a0c6900100de,25,9.964277,0.2275,0.0,1.0
755d1b2a-3741-3405-9d58-bee01ce68445,27,8.654752,0.0975,0.0,1.0
caad0af6-c6e2-351e-b24a-51b74e29c8ff,23,11.040249,0.18558333100000002,0.0,1.0
1a1018bb-cdf9-3682-bfdd-7b5ab5d6ae59,25,9.900001,0.35750000000000004,0.0,1.0
09570992-4b64-3d44-ae9c-037c8b07c704,24,10.3353615,0.1625,0.0,1.0
6b849a38-5c38-3849-8695-2eed48adaaab,9,19.342333,0.195,0.0,1.0
f425a4cc-ed35-3aba-bbe9-6e099b19dd98,18,13.860113,0.2301111,0.0,1.0
f425a4cc-ed35-3aba-bbe9-6e099b19dd98,18,13.835279,0.29277777,0.0,1.0
74b4c47f-d2ad-3d53-940e-af66a30f692d,22,11.447281,0.325,0.0,1.0
fa1979d6-55c6-3f8d-a755-fca3973102d2,18,13.770141,0.1625,0.0,1.0
966541a6-ac93-3794-9285-f4cf5f8a44be,27,8.325001,0.0975,0.0,1.0
af4c3ca7-8e4f-3cfa-9cc0-98c246982660,20,12.489417,0.1625,0.0,1.0
48cfb0e6-05da-31c9-b0a0-cd00cea8625f,26,8.867695,0.13,0.0,1.0
901d25a5-c9f2-3e46-91af-297539864ad8,14,16.138803,0.35750000000000004,0.0,1.0
c9af88cf-a96e-3a62-b821-5a49cdaecb46,22,11.223918,0.23541665,0.0,1.0
24fc4228-0d09-36a0-a4ca-159fa04fb355,13,16.595524,0.29802777799999997,0.0,1.0
d3c11ebd-0fd9-31db-96a9-3a03af3b62a4,23,10.465141,0.195,0.0,1.0
caad0af6-c6e2-351e-b24a-51b74e29c8ff,16,14.66914,0.26016666,0.0,1.0
3b8ed7cc-85dc-395a-baf7-65a422fd58b6,26,8.681748,0.2925,0.0,1.0
fea19b7b-fbc8-335d-8342-6418b933a5a1,23,10.4465,0.22763889,0.0,1.0
16d389e9-52a1-3d6b-8f3c-17c442106e21,28,7.4545527,0.2925,0.0,1.0
d3c11ebd-0fd9-31db-96a9-3a03af3b62a4,23,10.237667,0.0975,0.0,1.0
1f907ab1-f3de-3472-acef-a0c6900100de,25,9.011336,0.0975,0.0,1.0
85097407-5c18-303b-8e70-ac0437931f26,27,7.8451657,0.2275,0.0,1.0
137ded64-5daf-38ab-9dc3-eefc83bc6b62,29,6.722136,0.45499998,0.0,1.0
747ca041-396e-339c-949b-54f1687d5935,22,10.743781,0.0975,0.0,1.0
c9af88cf-a96e-3a62-b821-5a49cdaecb46,22,10.822557,0.35750000000000004,0.0,1.0
74b4c47f-d2ad-3d53-940e-af66a30f692d,26,8.393222,0.31499999999999995,0.0,1.0
caad0af6-c6e2-351e-b24a-51b74e29c8ff,26,8.302501,0.1625,0.0,1.0
7ba392d7-5b8c-3918-b35a-8805284b6a12,22,10.715002,0.2275,0.0,1.0
581923c5-755e-3791-9fa7-ad071fb2edfb,26,8.281334,0.22763889,0.0,1.0
febf1ebd-3f7a-3eca-ac4c-37f324c84908,21,11.257002,0.195,0.0,1.0
1f907ab1-f3de-3472-acef-a0c6900100de,25,8.877503,0.2925,0.0,1.0
f0e0d347-8d78-3633-ba47-8970f6d44b69,24,9.497502,0.35750000000000004,0.0,1.0
16d389e9-52a1-3d6b-8f3c-17c442106e21,28,7.1070533,0.39,0.0,1.0
85097407-5c18-303b-8e70-ac0437931f26,27,7.6210527,0.195,0.0,1.0
e29f3213-0901-3f89-a6fc-7e4557e8f644,26,8.2475,0.2925,0.0,1.0
3c924e67-4bc2-360c-a243-610ffa1b96ab,22,10.601945,0.19533333,0.0,1.0
1f907ab1-f3de-3472-acef-a0c6900100de,25,8.798253,0.2275,0.0,1.0
a210c43d-3c00-3bc4-a92c-42f102dc1889,28,6.9628596,0.195,0.0,1.0
1a1018bb-cdf9-3682-bfdd-7b5ab5d6ae59,25,8.827362,0.38999999,0.0,1.0
fea19b7b-fbc8-335d-8342-6418b933a5a1,19,12.2663355,0.065,0.0,1.0
747ca041-396e-339c-949b-54f1687d5935,22,10.465528,0.1625,0.0,1.0
48cfb0e6-05da-31c9-b0a0-cd00cea8625f,17,13.3575,0.065,0.0,1.0
9079d8f6-3da1-30cc-a2f5-c01dd7a4d8f1,18,12.770002,0.13,0.0,1.0
caad0af6-c6e2-351e-b24a-51b74e29c8ff,26,8.036444,0.38999999,0.0,1.0
e9289bfe-837e-3cbf-af40-10ba963b4ffb,25,8.511806,0.19513888000000001,0.0,1.0
31e532c3-cefc-351a-afe2-31e79598a114,18,12.705751,0.2275,0.0,1.0
3c924e67-4bc2-360c-a243-610ffa1b96ab,22,10.324806,0.29280556,0.0,1.0
caad0af6-c6e2-351e-b24a-51b74e29c8ff,23,9.6633625,0.2275,0.0,1.0
755d1b2a-3741-3405-9d58-bee01ce68445,16,13.783168,0.195,0.0,1.0
54c9951c-a985-3fae-8272-0ee59773fd9f,24,9.005305,0.325,0.0,1.0
48cfb0e6-05da-31c9-b0a0-cd00cea8625f,17,13.069335,0.16349999399999998,0.0,1.0
85097407-5c18-303b-8e70-ac0437931f26,24,8.888668,0.39,0.0,1.0
ad348d2e-84ef-3309-973f-5ddb2257d41f,11,16.611471,0.2742222,0.0,1.0
74b4c47f-d2ad-3d53-940e-af66a30f692d,22,9.986586,0.26,0.0,1.0
85097407-5c18-303b-8e70-ac0437931f26,24,8.759112,0.34719444,0.0,1.0
747ca041-396e-339c-949b-54f1687d5935,22,9.95478,0.35749999,0.0,1.0
be975a52-6e13-3c55-ac97-0d12eeed2e0d,9,17.611969,0.0975,0.0,1.0
966541a6-ac93-3794-9285-f4cf5f8a44be,27,6.6403613,0.13,0.0,1.0
901d25a5-c9f2-3e46-91af-297539864ad8,17,12.640363,0.25999999,0.0,1.0
caad0af6-c6e2-351e-b24a-51b74e29c8ff,23,9.007472,0.195,0.0,1.0
e1d1e301-97c2-3ddb-9354-e3428842701e,9,17.499193,0.43005556,0.0,1.0
c515a260-b022-3896-bbdb-ec42c7647bc8,23,9.061472,0.42249999000000005,0.0,1.0
e01c0ff9-22d3-37a9-ae05-d37bf1757840,24,8.39461,0.26,0.0,1.0
c515a260-b022-3896-bbdb-ec42c7647bc8,23,9.018029,0.35750000000000004,0.0,1.0
af4c3ca7-8e4f-3cfa-9cc0-98c246982660,20,10.673807,0.1625,0.0,1.0
09570992-4b64-3d44-ae9c-037c8b07c704,28,5.855971,0.1625,0.0,1.0
af4c3ca7-8e4f-3cfa-9cc0-98c246982660,20,10.709613,0.41711109999999996,0.0,1.0
09570992-4b64-3d44-ae9c-037c8b07c704,28,5.7864437,0.13,0.0,1.0
e01c0ff9-22d3-37a9-ae05-d37bf1757840,24,8.192696,0.1625,0.0,1.0
a5a1b284-05a4-3178-b648-1fa43c67f631,15,13.5339155,0.0975,0.0,1.0
74b4c47f-d2ad-3d53-940e-af66a30f692d,26,6.932498,0.1625,0.0,1.0
85097407-5c18-303b-8e70-ac0437931f26,24,8.062497,0.195,0.0,1.0
181d3bd7-a6a4-3281-83e0-80898a00b87c,29,5.0199986,0.0975,0.0,1.0
901d25a5-c9f2-3e46-91af-297539864ad8,17,12.226974,0.1625,0.0,1.0
bda10bd1-8814-363d-b24a-2fefb24d674b,12,15.215334,0.32311112,0.0,1.0
7ba392d7-5b8c-3918-b35a-8805284b6a12,22,9.19789,0.325,0.0,1.0
fd3c4338-9221-3101-924c-2fbcadff84aa,21,9.732638,0.19527778,0.0,1.0
fd3c4338-9221-3101-924c-2fbcadff84aa,21,9.701084,0.19641666,0.0,1.0
60bf99b0-65fd-3c3f-94fb-8ceb451d59e7,19,10.820362,0.16852777000000002,0.0,1.0
af4c3ca7-8e4f-3cfa-9cc0-98c246982660,9,16.700832,0.0325,0.0,1.0
e4c401fb-517e-3e52-ba48-636ba333297d,25,7.212246,0.45408331999999996,0.0,1.0
15c4d5e1-511b-3f86-aa70-268b59a84b57,22,8.806306,0.0325,0.0,1.0
15c4d5e1-511b-3f86-aa70-268b59a84b57,23,8.242443,0.18008333,0.0,1.0
8dbc5703-9cea-37cf-86d4-da1fb3a0f892,18,11.232029,0.1625,0.0,1.0
747ca041-396e-339c-949b-54f1687d5935,22,8.854222,0.24430555,0.0,1.0
f0e0d347-8d78-3633-ba47-8970f6d44b69,24,7.6064153,0.13016666500000001,0.0,1.0
c515a260-b022-3896-bbdb-ec42c7647bc8,23,8.303277,0.38999999,0.0,1.0
fa1979d6-55c6-3f8d-a755-fca3973102d2,18,11.197668,0.22777778,0.0,1.0
15c4d5e1-511b-3f86-aa70-268b59a84b57,23,8.188223,0.26033333000000003,0.0,1.0
901d25a5-c9f2-3e46-91af-297539864ad8,14,13.445002,0.0975,0.0,1.0
fa1979d6-55c6-3f8d-a755-fca3973102d2,8,17.010334,0.06519444,0.0,1.0
f0ef8280-fd52-331c-ac29-5d59d1d3b104,13,13.9881935,0.195,0.0,1.0
fea19b7b-fbc8-335d-8342-6418b933a5a1,19,10.357669,0.13,0.0,1.0
af4c3ca7-8e4f-3cfa-9cc0-98c246982660,20,9.831029,0.42588888,0.0,1.0
c515a260-b022-3896-bbdb-ec42c7647bc8,23,7.9557476,0.48766666000000003,0.0,1.0
febf1ebd-3f7a-3eca-ac4c-37f324c84908,21,8.914639,0.0975,0.0,1.0
89d8fa15-fc9c-3763-a09a-55dc2143d9e8,13,13.780275,0.29277778,0.0,1.0
d685cfdf-24d7-3a15-8855-592f664942ee,21,8.867835,0.29263889,0.0,1.0
15c4d5e1-511b-3f86-aa70-268b59a84b57,22,8.095,0.195,0.0,1.0
7ba392d7-5b8c-3918-b35a-8805284b6a12,22,8.030609,0.1625,0.0,1.0
ad894d47-f307-3732-8aa9-38e388fa5f2e,23,7.4509993,0.26311112000000003,0.0,1.0
fa1979d6-55c6-3f8d-a755-fca3973102d2,18,10.380195,0.13,0.0,1.0
1f907ab1-f3de-3472-acef-a0c6900100de,20,9.278864,0.38999999,0.0,1.0
3c924e67-4bc2-360c-a243-610ffa1b96ab,9,15.781976,0.19519444,0.0,1.0
a210c43d-3c00-3bc4-a92c-42f102dc1889,18,10.423252,0.35766666,0.0,1.0
1f907ab1-f3de-3472-acef-a0c6900100de,20,9.166529,0.26,0.0,1.0
8dbc5703-9cea-37cf-86d4-da1fb3a0f892,18,10.47431,0.6825,0.0,1.0
74b4c47f-d2ad-3d53-940e-af66a30f692d,22,7.9176073,0.42249999000000005,0.0,1.0
9079d8f6-3da1-30cc-a2f5-c01dd7a4d8f1,15,11.995694,0.13,0.0,1.0
e4c401fb-517e-3e52-ba48-636ba333297d,25,6.0105834,0.18558332,0.0,1.0
48cfb0e6-05da-31c9-b0a0-cd00cea8625f,17,10.797055,0.1625,0.0,1.0
74b4c47f-d2ad-3d53-940e-af66a30f692d,22,7.834998,0.26,0.0,1.0
fea19b7b-fbc8-335d-8342-6418b933a5a1,19,9.488611,0.16344443,0.0,1.0
15c4d5e1-511b-3f86-aa70-268b59a84b57,22,7.673331,0.26,0.0,1.0
fea19b7b-fbc8-335d-8342-6418b933a5a1,23,7.061664,0.26,0.0,1.0
15c4d5e1-511b-3f86-aa70-268b59a84b57,22,7.650222,0.26,0.0,1.0
74b4c47f-d2ad-3d53-940e-af66a30f692d,22,7.548804,0.1625,0.0,1.0
901d25a5-c9f2-3e46-91af-297539864ad8,17,10.455224,0.22772222,0.0,1.0
f425a4cc-ed35-3aba-bbe9-6e099b19dd98,12,13.292778,0.0975,0.0,1.0
d3c11ebd-0fd9-31db-96a9-3a03af3b62a4,11,13.910221,0.195,0.0,1.0
8dbc5703-9cea-37cf-86d4-da1fb3a0f892,18,9.6825,0.1625,0.0,1.0
84740a99-24c0-36bc-b102-ec50a3a6a3dc,12,13.335113,0.35761111,0.0,1.0
15c4d5e1-511b-3f86-aa70-268b59a84b57,22,7.26886,0.195,0.0,1.0
54c9951c-a985-3fae-8272-0ee59773fd9f,24,6.0504146,0.2275,0.0,1.0
1a1018bb-cdf9-3682-bfdd-7b5ab5d6ae59,22,7.1670833,0.065,0.0,1.0
53183116-2cb2-32ee-9042-d62eb7061407,12,13.129278,0.1625,0.0,1.0
f8eee638-56ba-39c4-9a4b-9e1a13689716,14,11.933747,0.2371111,0.0,1.0
ad894d47-f307-3732-8aa9-38e388fa5f2e,12,13.0199995,0.1625,0.0,1.0
9a7c8c11-8ec4-3a6c-87e7-c83e500c7b09,12,13.058111,0.25999999,0.0,1.0
9079d8f6-3da1-30cc-a2f5-c01dd7a4d8f1,18,9.371111,0.13,0.0,1.0
fd3c4338-9221-3101-924c-2fbcadff84aa,21,7.4488325,0.13,0.0,1.0
c9af88cf-a96e-3a62-b821-5a49cdaecb46,22,6.833276,0.195,0.0,1.0
fea19b7b-fbc8-335d-8342-6418b933a5a1,19,8.605528,0.13,0.0,1.0
fd3c4338-9221-3101-924c-2fbcadff84aa,20,8.076555,0.33547222,0.0,1.0
fea19b7b-fbc8-335d-8342-6418b933a5a1,23,6.3227463,0.58513887,0.0,1.0
60bf99b0-65fd-3c3f-94fb-8ceb451d59e7,7,15.695306,0.065,0.0,1.0
e4c401fb-517e-3e52-ba48-636ba333297d,25,4.932499,0.2275,0.0,1.0
f7735ad9-b6bf-31ee-adf0-f75b77a0cba3,13,11.956806,0.0325,0.0,1.0
3b8ed7cc-85dc-395a-baf7-65a422fd58b6,15,10.835334,0.26,0.0,1.0
f425a4cc-ed35-3aba-bbe9-6e099b19dd98,18,8.955806,0.195,0.0,1.0
755d1b2a-3741-3405-9d58-bee01ce68445,16,10.117639,0.26013889,0.0,1.0
60bf99b0-65fd-3c3f-94fb-8ceb451d59e7,19,8.267529,0.195,0.0,1.0
7ba392d7-5b8c-3918-b35a-8805284b6a12,10,13.672917,0.2275,0.0,1.0
d685cfdf-24d7-3a15-8855-592f664942ee,21,6.900137,0.22763889,0.0,1.0
ff92029b-ff33-3966-afb2-a60b15982844,25,4.531693,0.32536111,0.0,1.0
9079d8f6-3da1-30cc-a2f5-c01dd7a4d8f1,18,8.660004,0.2925,0.0,1.0
f0e0d347-8d78-3633-ba47-8970f6d44b69,9,13.932807,0.26,0.0,1.0
b75f31d3-28e7-3990-86f2-222833f03263,9,13.911359,0.36252776,0.0,1.0
901d25a5-c9f2-3e46-91af-297539864ad8,14,10.826808,0.2275,0.0,1.0
94e1b2d4-8649-3eaf-bebe-51290e753ebb,13,11.291917,0.271916665,0.0,1.0
f7735ad9-b6bf-31ee-adf0-f75b77a0cba3,13,11.16267,0.207666666,0.0,1.0
09570992-4b64-3d44-ae9c-037c8b07c704,6,15.346972,0.19516666500000002,0.0,1.0
f425a4cc-ed35-3aba-bbe9-6e099b19dd98,18,8.077555,0.39505554,0.0,1.0
97b427ef-6bcf-34e5-83de-bdc8975736db,8,13.923944,0.13,0.0,1.0
d6368140-9312-380b-bbc9-9a32bcef4b83,7,14.471862,0.26013889,0.0,1.0
755d1b2a-3741-3405-9d58-bee01ce68445,16,8.9001665,0.1625,0.0,1.0
e01c0ff9-22d3-37a9-ae05-d37bf1757840,10,12.386944,0.065,0.0,1.0
15c4d5e1-511b-3f86-aa70-268b59a84b57,9,12.9644165,0.1625,0.0,1.0
181d3bd7-a6a4-3281-83e0-80898a00b87c,10,12.242445,0.41322219,0.0,1.0
7ba392d7-5b8c-3918-b35a-8805284b6a12,22,4.8470263,0.13,0.0,1.0
31e532c3-cefc-351a-afe2-31e79598a114,11,11.455974,0.19541667,0.0,1.0
c9af88cf-a96e-3a62-b821-5a49cdaecb46,11,11.260194,0.065,0.0,1.0
48cfb0e6-05da-31c9-b0a0-cd00cea8625f,17,7.6666374,0.2925,0.0,1.0
d685cfdf-24d7-3a15-8855-592f664942ee,21,5.1100826,0.195,0.0,1.0
e29f3213-0901-3f89-a6fc-7e4557e8f644,9,12.028777,0.0975,0.0,1.0
d685cfdf-24d7-3a15-8855-592f664942ee,9,12.049084,0.29311112,0.0,1.0
dc692cd4-68a1-324b-8b09-30bf56115002,10,11.329415,0.292694444,0.0,1.0
5538a778-326b-3efe-92f1-830341624b7a,9,11.861112,0.13038889,0.0,1.0
1f907ab1-f3de-3472-acef-a0c6900100de,20,5.2912774,0.26,0.0,1.0
fd3c4338-9221-3101-924c-2fbcadff84aa,20,4.945138,0.03263889,0.0,1.0
a210c43d-3c00-3bc4-a92c-42f102dc1889,18,5.991583,0.065,0.0,1.0
3c82343e-8c78-31de-b1ea-78897c6b4542,10,10.692611,0.065,0.0,1.0
fd3c4338-9221-3101-924c-2fbcadff84aa,21,4.0525002,0.0975,0.0,1.0
84740a99-24c0-36bc-b102-ec50a3a6a3dc,12,9.460556,0.2275,0.0,1.0
6dfad87b-d3ea-3163-8d69-8e5fc7fd903c,12,9.424389,0.22827777600000002,0.0,1.0
c6e371cf-467b-30d7-bfe1-34c953b04e62,13,8.698473,0.0975,0.0,1.0
901d25a5-c9f2-3e46-91af-297539864ad8,12,9.3029995,0.1625,0.0,1.0
a210c43d-3c00-3bc4-a92c-42f102dc1889,18,5.65,0.0975,0.0,1.0
a210c43d-3c00-3bc4-a92c-42f102dc1889,18,5.5752215,0.0975,0.0,1.0
901d25a5-c9f2-3e46-91af-297539864ad8,14,7.9576097,0.16511111,0.0,1.0
fd3c4338-9221-3101-924c-2fbcadff84aa,20,4.379277,0.2275,0.0,1.0
755d1b2a-3741-3405-9d58-bee01ce68445,16,6.760055,0.2275,0.0,1.0
e4c401fb-517e-3e52-ba48-636ba333297d,10,10.041555,0.11447221,0.0,1.0
1f907ab1-f3de-3472-acef-a0c6900100de,14,7.637639,0.22005555,0.0,1.0
16d389e9-52a1-3d6b-8f3c-17c442106e21,9,10.74725,0.54977775,0.0,1.0
137ded64-5daf-38ab-9dc3-eefc83bc6b62,9,10.548945,0.1625,0.0,1.0
fd3c4338-9221-3101-924c-2fbcadff84aa,20,3.8996668,0.0975,0.0,1.0
91c6b387-1b6c-3144-a42d-588a23b0aa58,7,11.737777,0.2275,0.0,1.0
c515a260-b022-3896-bbdb-ec42c7647bc8,12,8.750082,0.325,0.0,1.0
46fba6aa-36a4-303f-8be0-d39c7d9b932c,12,8.350027,0.1625,0.0,1.0
b5099be9-6f36-3ae9-9588-b4279bea2faf,10,9.467388,0.40536112,0.0,1.0
c038a252-b777-35c6-9b48-0e79ea8d7a5f,9,9.855888,0.26022221,0.0,1.0
febf1ebd-3f7a-3eca-ac4c-37f324c84908,8,10.270556,0.13025,0.0,1.0
62920576-2e0c-3c6e-8ce7-8b33b6632dff,13,7.2700005,0.13,0.0,1.0
966541a6-ac93-3794-9285-f4cf5f8a44be,8,10.240917,0.1625,0.0,1.0
d488bb65-2c9b-3f36-a58a-71da36408d73,9,9.482554,0.19544444,0.0,1.0
fea19b7b-fbc8-335d-8342-6418b933a5a1,12,7.6729717,0.19519444400000002,0.0,1.0
54c9951c-a985-3fae-8272-0ee59773fd9f,11,8.02,0.13,0.0,1.0
57a02b5f-fe74-39fd-8853-c06ac74ed3af,8,9.712389,0.195,0.0,1.0
b7749659-9cd5-37b8-8056-75ec4155cad3,9,9.066724,0.22783333,0.0,1.0
e9289bfe-837e-3cbf-af40-10ba963b4ffb,8,9.52,0.1625,0.0,1.0
74b4c47f-d2ad-3d53-940e-af66a30f692d,9,8.8475,0.0325,0.0,1.0
85097407-5c18-303b-8e70-ac0437931f26,9,8.803055,0.16274999,0.0,1.0
fa0ba6b4-9635-36f5-90da-19916a4a68df,7,9.945112,0.0975,0.0,1.0
84740a99-24c0-36bc-b102-ec50a3a6a3dc,8,9.26,0.0975,0.0,1.0
f7735ad9-b6bf-31ee-adf0-f75b77a0cba3,13,6.2245827,0.065,0.0,1.0
f7735ad9-b6bf-31ee-adf0-f75b77a0cba3,13,6.20097,0.0975,0.0,1.0
17ac6cbf-1b86-3c01-a7c1-34a98303a692,8,9.104861,0.19536111,0.0,1.0
a210c43d-3c00-3bc4-a92c-42f102dc1889,8,9.052668,0.13,0.0,1.0
ce571014-b5f2-31b0-a093-f4242ad19ab9,6,10.085334,0.0325,0.0,1.0
48cfb0e6-05da-31c9-b0a0-cd00cea8625f,8,8.855972,0.26027776,0.0,1.0
84740a99-24c0-36bc-b102-ec50a3a6a3dc,12,6.4403043,0.26,0.0,1.0
0a83c097-8796-3b8b-b15f-e68952170e25,0,13.550003,0.65,0.0,1.0
ff92029b-ff33-3966-afb2-a60b15982844,8,8.572306,0.22749999,0.0,1.0
84740a99-24c0-36bc-b102-ec50a3a6a3dc,12,5.867499,0.195,0.0,1.0
5a5bf1b0-fc87-3291-9c81-5af5b72ea05c,8,8.174889,0.065,0.0,1.0
581923c5-755e-3791-9fa7-ad071fb2edfb,8,8.075,0.065,0.0,1.0
1a1018bb-cdf9-3682-bfdd-7b5ab5d6ae59,8,7.9885283,0.065,0.0,1.0
755d1b2a-3741-3405-9d58-bee01ce68445,8,7.9110003,0.13,0.0,1.0
4ac5e728-06c8-38ad-9ad1-eab9ca0ab1c2,9,7.2376113,0.13,0.0,1.0
f7735ad9-b6bf-31ee-adf0-f75b77a0cba3,9,7.1965833,0.0325,0.0,1.0
043a8db3-740a-3632-8879-a8861a6eee99,8,7.607694,0.0325,0.0,1.0
8dbc5703-9cea-37cf-86d4-da1fb3a0f892,7,7.820444,0.22786111,0.0,1.0
747ca041-396e-339c-949b-54f1687d5935,10,5.9209723,0.13,0.0,1.0
0a83c097-8796-3b8b-b15f-e68952170e25,0,11.434475,0.42249999000000005,0.0,1.0
0a83c097-8796-3b8b-b15f-e68952170e25,0,11.408502,0.43458333000000005,0.0,1.0
0a83c097-8796-3b8b-b15f-e68952170e25,0,11.404808,0.45499999999999996,0.0,1.0
fd3c4338-9221-3101-924c-2fbcadff84aa,9,5.5425,0.065,0.0,1.0
0a83c097-8796-3b8b-b15f-e68952170e25,0,9.802667,0.26,0.0,1.0
0a83c097-8796-3b8b-b15f-e68952170e25,0,8.959834,0.32499999,0.0,1.0
0a83c097-8796-3b8b-b15f-e68952170e25,0,8.943058,0.32533333,0.0,1.0
0a83c097-8796-3b8b-b15f-e68952170e25,0,8.8345,0.325,0.0,1.0
0a83c097-8796-3b8b-b15f-e68952170e25,0,8.257609,0.39011110000000004,0.0,1.0
0a83c097-8796-3b8b-b15f-e68952170e25,0,6.6500006,0.195,0.0,1.0
